"","Site","Family","Species","count","Site.name","reef.type","year"
"1","BI","BUT","AUR",7,"Baresdhoo inside","inside","2021/22"
"2","BI","BUT","DECU",1,"Baresdhoo inside","inside","2021/22"
"3","BI","BUT","FAL",4,"Baresdhoo inside","inside","2021/22"
"4","BI","BUT","GUT",3,"Baresdhoo inside","inside","2021/22"
"5","BI","BUT","LUN",18,"Baresdhoo inside","inside","2021/22"
"6","BI","BUT","TFT",29,"Baresdhoo inside","inside","2021/22"
"7","BI","BUT","TRI",7,"Baresdhoo inside","inside","2021/22"
"8","BI","BUT","XAN",6,"Baresdhoo inside","inside","2021/22"
"9","BI","EMP","AUR",1,"Baresdhoo inside","inside","2021/22"
"10","BI","EMP","MONO",2,"Baresdhoo inside","inside","2021/22"
"11","BI","EMP","OBS",35,"Baresdhoo inside","inside","2021/22"
"12","BI","GRO","ARG",14,"Baresdhoo inside","inside","2021/22"
"13","BI","GRO","BOE",1,"Baresdhoo inside","inside","2021/22"
"14","BI","GRO","LEO",1,"Baresdhoo inside","inside","2021/22"
"15","BI","GRO","LEU",2,"Baresdhoo inside","inside","2021/22"
"16","BI","GRO","ROG",4,"Baresdhoo inside","inside","2021/22"
"17","BI","GRO","SEX",1,"Baresdhoo inside","inside","2021/22"
"18","BI","PAR","2 COLOUR",1,"Baresdhoo inside","inside","2021/22"
"19","BI","PAR","3 COLOUR",1,"Baresdhoo inside","inside","2021/22"
"20","BI","PAR","BLUEBAR",2,"Baresdhoo inside","inside","2021/22"
"21","BI","PAR","DUSKY",29,"Baresdhoo inside","inside","2021/22"
"22","BI","PAR","SORDID",120,"Baresdhoo inside","inside","2021/22"
"23","BI","RAB","SGR",2,"Baresdhoo inside","inside","2021/22"
"24","BI","RAB","STR",24,"Baresdhoo inside","inside","2021/22"
"25","BI","SNAP","ARG",1,"Baresdhoo inside","inside","2021/22"
"26","BI","SNAP","FUR",3,"Baresdhoo inside","inside","2021/22"
"27","BI","SNAP","GIB",10,"Baresdhoo inside","inside","2021/22"
"28","BI","SNAP","RED",3,"Baresdhoo inside","inside","2021/22"
"29","BI","T&J","MEL",4,"Baresdhoo inside","inside","2021/22"
"30","BI","TRIG","STR",8,"Baresdhoo inside","inside","2021/22"
"31","FGO","BUT","COL",12,"Fonagaadhoo outside","outside","2021/22"
"32","FGO","BUT","FAL",1,"Fonagaadhoo outside","outside","2021/22"
"33","FGO","BUT","GUT",6,"Fonagaadhoo outside","outside","2021/22"
"34","FGO","BUT","KLE",3,"Fonagaadhoo outside","outside","2021/22"
"35","FGO","BUT","LN",2,"Fonagaadhoo outside","outside","2021/22"
"36","FGO","BUT","LUN",2,"Fonagaadhoo outside","outside","2021/22"
"37","FGO","BUT","MEL",1,"Fonagaadhoo outside","outside","2021/22"
"38","FGO","BUT","MEY",1,"Fonagaadhoo outside","outside","2021/22"
"39","FGO","BUT","PYR",53,"Fonagaadhoo outside","outside","2021/22"
"40","FGO","BUT","TFT",15,"Fonagaadhoo outside","outside","2021/22"
"41","FGO","BUT","TRI",2,"Fonagaadhoo outside","outside","2021/22"
"42","FGO","BUT","VLN",1,"Fonagaadhoo outside","outside","2021/22"
"43","FGO","EMP","MONO",30,"Fonagaadhoo outside","outside","2021/22"
"44","FGO","GRO","ALBO",1,"Fonagaadhoo outside","outside","2021/22"
"45","FGO","GRO","ARG",14,"Fonagaadhoo outside","outside","2021/22"
"46","FGO","GRO","BOE",3,"Fonagaadhoo outside","outside","2021/22"
"47","FGO","GRO","LEO",3,"Fonagaadhoo outside","outside","2021/22"
"48","FGO","GRO","MIN",20,"Fonagaadhoo outside","outside","2021/22"
"49","FGO","GRO","ROG",2,"Fonagaadhoo outside","outside","2021/22"
"50","FGO","GRO","SEX",1,"Fonagaadhoo outside","outside","2021/22"
"51","FGO","GRO","SPIL",2,"Fonagaadhoo outside","outside","2021/22"
"52","FGO","PAR","2 COLOUR",3,"Fonagaadhoo outside","outside","2021/22"
"53","FGO","PAR","3 COLOUR",4,"Fonagaadhoo outside","outside","2021/22"
"54","FGO","PAR","BARTAIL",3,"Fonagaadhoo outside","outside","2021/22"
"55","FGO","PAR","BLUEBAR",1,"Fonagaadhoo outside","outside","2021/22"
"56","FGO","PAR","DUSKY",2,"Fonagaadhoo outside","outside","2021/22"
"57","FGO","PAR","GFACE",4,"Fonagaadhoo outside","outside","2021/22"
"58","FGO","PAR","SORDID",27,"Fonagaadhoo outside","outside","2021/22"
"59","FGO","PAR","STEEPHEAD",18,"Fonagaadhoo outside","outside","2021/22"
"60","FGO","RAB","STR",4,"Fonagaadhoo outside","outside","2021/22"
"61","FGO","SL","ORI",6,"Fonagaadhoo outside","outside","2021/22"
"62","FGO","SNAP","BLACK",50,"Fonagaadhoo outside","outside","2021/22"
"63","FGO","SNAP","MONO",176,"Fonagaadhoo outside","outside","2021/22"
"64","FGO","SNAP","RED",11,"Fonagaadhoo outside","outside","2021/22"
"65","FGO","T&J","BIP",3,"Fonagaadhoo outside","outside","2021/22"
"66","FGO","T&J","CAE",1,"Fonagaadhoo outside","outside","2021/22"
"67","FGO","T&J","LUG",3,"Fonagaadhoo outside","outside","2021/22"
"68","FGO","T&J","MEL",10,"Fonagaadhoo outside","outside","2021/22"
"69","FGO","TRIG","CLN",1,"Fonagaadhoo outside","outside","2021/22"
"70","FGO","TRIG","IND",40,"Fonagaadhoo outside","outside","2021/22"
"71","FGO","TRIG","REDT",86,"Fonagaadhoo outside","outside","2021/22"
"72","FGO","TRIG","STR",24,"Fonagaadhoo outside","outside","2021/22"
"73","FGO","TRIG","SUFB",21,"Fonagaadhoo outside","outside","2021/22"
"74","FI","BUT","AUR",4,"Fonadhoo inside","inside","2021/22"
"75","FI","BUT","GUT",1,"Fonadhoo inside","inside","2021/22"
"76","FI","BUT","TFT",13,"Fonadhoo inside","inside","2021/22"
"77","FI","BUT","TRI",9,"Fonadhoo inside","inside","2021/22"
"78","FI","BUT","XAN",2,"Fonadhoo inside","inside","2021/22"
"79","FI","EMP","AUR",10,"Fonadhoo inside","inside","2021/22"
"80","FI","EMP","G.MIC",3,"Fonadhoo inside","inside","2021/22"
"81","FI","EMP","OLI",5,"Fonadhoo inside","inside","2021/22"
"82","FI","GRO","ALBO",1,"Fonadhoo inside","inside","2021/22"
"83","FI","GRO","ARG",16,"Fonadhoo inside","inside","2021/22"
"84","FI","GRO","FAS",1,"Fonadhoo inside","inside","2021/22"
"85","FI","GRO","LEO",1,"Fonadhoo inside","inside","2021/22"
"86","FI","GRO","LEU",2,"Fonadhoo inside","inside","2021/22"
"87","FI","GRO","LOU",1,"Fonadhoo inside","inside","2021/22"
"88","FI","GRO","MEL",1,"Fonadhoo inside","inside","2021/22"
"89","FI","GRO","MER",1,"Fonadhoo inside","inside","2021/22"
"90","FI","GRO","MIN",2,"Fonadhoo inside","inside","2021/22"
"91","FI","GRO","ROG",5,"Fonadhoo inside","inside","2021/22"
"92","FI","PAR","2 COLOUR",1,"Fonadhoo inside","inside","2021/22"
"93","FI","PAR","BLUEBEAR",1,"Fonadhoo inside","inside","2021/22"
"94","FI","PAR","DUSKY",19,"Fonadhoo inside","inside","2021/22"
"95","FI","PAR","EMBER",2,"Fonadhoo inside","inside","2021/22"
"96","FI","PAR","FRENATUS",2,"Fonadhoo inside","inside","2021/22"
"97","FI","PAR","GFACE",1,"Fonadhoo inside","inside","2021/22"
"98","FI","PAR","L-NOSE",8,"Fonadhoo inside","inside","2021/22"
"99","FI","PAR","ROSY",1,"Fonadhoo inside","inside","2021/22"
"100","FI","PAR","SHEEPHEAD",2,"Fonadhoo inside","inside","2021/22"
"101","FI","PAR","SORDID",70,"Fonadhoo inside","inside","2021/22"
"102","FI","RAB","LIN",12,"Fonadhoo inside","inside","2021/22"
"103","FI","RAB","SGR",17,"Fonadhoo inside","inside","2021/22"
"104","FI","RAB","STR",2,"Fonadhoo inside","inside","2021/22"
"105","FI","SNAP","FUL",1,"Fonadhoo inside","inside","2021/22"
"106","FI","SNAP","FUR",1,"Fonadhoo inside","inside","2021/22"
"107","FI","SNAP","IND2",6,"Fonadhoo inside","inside","2021/22"
"108","FI","SNAP","KAS",2,"Fonadhoo inside","inside","2021/22"
"109","FI","SNAP","MONO",4,"Fonadhoo inside","inside","2021/22"
"110","FI","SNAP","RED",2,"Fonadhoo inside","inside","2021/22"
"111","FI","T&J","BLOCH",2,"Fonadhoo inside","inside","2021/22"
"112","FI","T&J","CAE",2,"Fonadhoo inside","inside","2021/22"
"113","FI","T&J","MEL",1,"Fonadhoo inside","inside","2021/22"
"114","FI","TRIG","FLAV",1,"Fonadhoo inside","inside","2021/22"
"115","FI","TRIG","STR",17,"Fonadhoo inside","inside","2021/22"
"116","FI","TRIG","TIT",1,"Fonadhoo inside","inside","2021/22"
"117","FK","BUT","AUR",3,"Fushi kandu","channel","2021/22"
"118","FK","BUT","COL",90,"Fushi kandu","channel","2021/22"
"119","FK","BUT","GUT",28,"Fushi kandu","channel","2021/22"
"120","FK","BUT","KLE",11,"Fushi kandu","channel","2021/22"
"121","FK","BUT","LN",6,"Fushi kandu","channel","2021/22"
"122","FK","BUT","LUN",4,"Fushi kandu","channel","2021/22"
"123","FK","BUT","MEL",1,"Fushi kandu","channel","2021/22"
"124","FK","BUT","MEY",11,"Fushi kandu","channel","2021/22"
"125","FK","BUT","PYR",26,"Fushi kandu","channel","2021/22"
"126","FK","BUT","TFT",4,"Fushi kandu","channel","2021/22"
"127","FK","BUT","VLN",1,"Fushi kandu","channel","2021/22"
"128","FK","BUT","XAN",4,"Fushi kandu","channel","2021/22"
"129","FK","EMP","MONO",35,"Fushi kandu","channel","2021/22"
"130","FK","GRO","ALBO",2,"Fushi kandu","channel","2021/22"
"131","FK","GRO","ARG",19,"Fushi kandu","channel","2021/22"
"132","FK","GRO","BOE",16,"Fushi kandu","channel","2021/22"
"133","FK","GRO","FAS",4,"Fushi kandu","channel","2021/22"
"134","FK","GRO","ROG",7,"Fushi kandu","channel","2021/22"
"135","FK","GRO","SEX",2,"Fushi kandu","channel","2021/22"
"136","FK","GRO","SPIL",3,"Fushi kandu","channel","2021/22"
"137","FK","PAR","2 COLOUR",1,"Fushi kandu","channel","2021/22"
"138","FK","PAR","3 COLOUR",9,"Fushi kandu","channel","2021/22"
"139","FK","PAR","DUSKY",4,"Fushi kandu","channel","2021/22"
"140","FK","PAR","SORDID",29,"Fushi kandu","channel","2021/22"
"141","FK","PAR","STEEPHEAD",2,"Fushi kandu","channel","2021/22"
"142","FK","RAB","STR",2,"Fushi kandu","channel","2021/22"
"143","FK","SL","ORI",29,"Fushi kandu","channel","2021/22"
"144","FK","SNAP","FUR",3,"Fushi kandu","channel","2021/22"
"145","FK","SNAP","GIB",301,"Fushi kandu","channel","2021/22"
"146","FK","T&J","DOGTOOTH",4,"Fushi kandu","channel","2021/22"
"147","FK","T&J","FER",1,"Fushi kandu","channel","2021/22"
"148","FK","T&J","LUG",18,"Fushi kandu","channel","2021/22"
"149","FK","T&J","MEL",22,"Fushi kandu","channel","2021/22"
"150","FK","TRIG","CLN",1,"Fushi kandu","channel","2021/22"
"151","FK","TRIG","IND",25,"Fushi kandu","channel","2021/22"
"152","FK","TRIG","STR",33,"Fushi kandu","channel","2021/22"
"153","FK","TRIG","SUFB",5,"Fushi kandu","channel","2021/22"
"154","FK","TRIG","SUFF",1,"Fushi kandu","channel","2021/22"
"155","FK","TRIG","TIT",1,"Fushi kandu","channel","2021/22"
"156","FO","BUT","AUR",3,"Fonadhoo outside","outside","2021/22"
"157","FO","BUT","CHEV",4,"Fonadhoo outside","outside","2021/22"
"158","FO","BUT","COL",2,"Fonadhoo outside","outside","2021/22"
"159","FO","BUT","FAL",1,"Fonadhoo outside","outside","2021/22"
"160","FO","BUT","GUT",2,"Fonadhoo outside","outside","2021/22"
"161","FO","BUT","LN",2,"Fonadhoo outside","outside","2021/22"
"162","FO","BUT","LUN",4,"Fonadhoo outside","outside","2021/22"
"163","FO","BUT","MEL",2,"Fonadhoo outside","outside","2021/22"
"164","FO","BUT","MEY",3,"Fonadhoo outside","outside","2021/22"
"165","FO","BUT","PHA",1,"Fonadhoo outside","outside","2021/22"
"166","FO","BUT","TFT",4,"Fonadhoo outside","outside","2021/22"
"167","FO","BUT","TRI",1,"Fonadhoo outside","outside","2021/22"
"168","FO","EMP","AUR",2,"Fonadhoo outside","outside","2021/22"
"169","FO","EMP","MONO",16,"Fonadhoo outside","outside","2021/22"
"170","FO","GRO","ARG",19,"Fonadhoo outside","outside","2021/22"
"171","FO","GRO","LOU",1,"Fonadhoo outside","outside","2021/22"
"172","FO","GRO","ROG",2,"Fonadhoo outside","outside","2021/22"
"173","FO","PAR","2COLOR",7,"Fonadhoo outside","outside","2021/22"
"174","FO","PAR","3COLOR",4,"Fonadhoo outside","outside","2021/22"
"175","FO","PAR","BARTAIL",1,"Fonadhoo outside","outside","2021/22"
"176","FO","PAR","BLUEBAR",3,"Fonadhoo outside","outside","2021/22"
"177","FO","PAR","DUSKY",1,"Fonadhoo outside","outside","2021/22"
"178","FO","PAR","FRENATUS",1,"Fonadhoo outside","outside","2021/22"
"179","FO","PAR","L-NOSE",30,"Fonadhoo outside","outside","2021/22"
"180","FO","PAR","SHEEPHEAD",4,"Fonadhoo outside","outside","2021/22"
"181","FO","PAR","SORDID",100,"Fonadhoo outside","outside","2021/22"
"182","FO","RAB","STR",2,"Fonadhoo outside","outside","2021/22"
"183","FO","SNAP","FUL",5,"Fonadhoo outside","outside","2021/22"
"184","FO","SNAP","GIB",38,"Fonadhoo outside","outside","2021/22"
"185","FO","SNAP","IND",2,"Fonadhoo outside","outside","2021/22"
"186","FO","SNAP","IND2",8,"Fonadhoo outside","outside","2021/22"
"187","FO","SNAP","KAS",226,"Fonadhoo outside","outside","2021/22"
"188","FO","SNAP","MINO",1,"Fonadhoo outside","outside","2021/22"
"189","FO","SNAP","MONO",25,"Fonadhoo outside","outside","2021/22"
"190","FO","SNAP","RED",5,"Fonadhoo outside","outside","2021/22"
"191","FO","T&J","MEL",4,"Fonadhoo outside","outside","2021/22"
"192","FO","TRIG","IND",7,"Fonadhoo outside","outside","2021/22"
"193","FO","TRIG","NIG",2,"Fonadhoo outside","outside","2021/22"
"194","FO","TRIG","STR",19,"Fonadhoo outside","outside","2021/22"
"195","FO","TRIG","SUFB",4,"Fonadhoo outside","outside","2021/22"
"196","FO","TRIG","TIT",1,"Fonadhoo outside","outside","2021/22"
"197","GC","BUT","AUR",1,"Gaadhoo corner","channel","2021/22"
"198","GC","BUT","CIT",5,"Gaadhoo corner","channel","2021/22"
"199","GC","BUT","COL",3,"Gaadhoo corner","channel","2021/22"
"200","GC","BUT","GUT",1,"Gaadhoo corner","channel","2021/22"
"201","GC","BUT","KLE",7,"Gaadhoo corner","channel","2021/22"
"202","GC","BUT","LUN",3,"Gaadhoo corner","channel","2021/22"
"203","GC","BUT","MASK",1,"Gaadhoo corner","channel","2021/22"
"204","GC","BUT","MEY",1,"Gaadhoo corner","channel","2021/22"
"205","GC","BUT","TFT",11,"Gaadhoo corner","channel","2021/22"
"206","GC","BUT","XAN",13,"Gaadhoo corner","channel","2021/22"
"207","GC","GRO","ARG",1,"Gaadhoo corner","channel","2021/22"
"208","GC","GRO","MIN",2,"Gaadhoo corner","channel","2021/22"
"209","GC","PAR","3 COLOUR",1,"Gaadhoo corner","channel","2021/22"
"210","GC","PAR","3COLOR",2,"Gaadhoo corner","channel","2021/22"
"211","GC","PAR","3COLOUR",1,"Gaadhoo corner","channel","2021/22"
"212","GC","PAR","BLUBAR",3,"Gaadhoo corner","channel","2021/22"
"213","GC","PAR","EMBER",5,"Gaadhoo corner","channel","2021/22"
"214","GC","PAR","G.FACE",1,"Gaadhoo corner","channel","2021/22"
"215","GC","PAR","GFACE",1,"Gaadhoo corner","channel","2021/22"
"216","GC","PAR","L.NOSE",3,"Gaadhoo corner","channel","2021/22"
"217","GC","PAR","SCABER",1,"Gaadhoo corner","channel","2021/22"
"218","GC","PAR","SHEEPHEAD",6,"Gaadhoo corner","channel","2021/22"
"219","GC","PAR","SORDID",6,"Gaadhoo corner","channel","2021/22"
"220","GC","RAB","STR",3,"Gaadhoo corner","channel","2021/22"
"221","GC","SNAP","FUL",3,"Gaadhoo corner","channel","2021/22"
"222","GC","SNAP","GIB",1,"Gaadhoo corner","channel","2021/22"
"223","GC","SNAP","KAS",10,"Gaadhoo corner","channel","2021/22"
"224","GC","SNAP","MID",7,"Gaadhoo corner","channel","2021/22"
"225","GC","T&J","LUG",2,"Gaadhoo corner","channel","2021/22"
"226","GC","TRIG","CLN",1,"Gaadhoo corner","channel","2021/22"
"227","GC","TRIG","IND",19,"Gaadhoo corner","channel","2021/22"
"228","GC","TRIG","STR",5,"Gaadhoo corner","channel","2021/22"
"229","GC","TRIG","SUFB",11,"Gaadhoo corner","channel","2021/22"
"230","GI","BUT","AUR",4,"Gaadhoo inside","inside","2021/22"
"231","GI","BUT","GUT",1,"Gaadhoo inside","inside","2021/22"
"232","GI","BUT","LUN",3,"Gaadhoo inside","inside","2021/22"
"233","GI","BUT","MEL",1,"Gaadhoo inside","inside","2021/22"
"234","GI","BUT","PHA",3,"Gaadhoo inside","inside","2021/22"
"235","GI","BUT","TFT",11,"Gaadhoo inside","inside","2021/22"
"236","GI","BUT","TRI",3,"Gaadhoo inside","inside","2021/22"
"237","GI","BUT","VLN",4,"Gaadhoo inside","inside","2021/22"
"238","GI","EMP","AUR",24,"Gaadhoo inside","inside","2021/22"
"239","GI","EMP","MONO",11,"Gaadhoo inside","inside","2021/22"
"240","GI","GRO","ARG",7,"Gaadhoo inside","inside","2021/22"
"241","GI","GRO","COE",2,"Gaadhoo inside","inside","2021/22"
"242","GI","GRO","LEU",2,"Gaadhoo inside","inside","2021/22"
"243","GI","GRO","MEL",1,"Gaadhoo inside","inside","2021/22"
"244","GI","GRO","MER",1,"Gaadhoo inside","inside","2021/22"
"245","GI","GRO","ROG",1,"Gaadhoo inside","inside","2021/22"
"246","GI","GRO","SPIL",2,"Gaadhoo inside","inside","2021/22"
"247","GI","PAR","BARTAIL",2,"Gaadhoo inside","inside","2021/22"
"248","GI","PAR","BLUEBAR",1,"Gaadhoo inside","inside","2021/22"
"249","GI","PAR","DUSKY",9,"Gaadhoo inside","inside","2021/22"
"250","GI","PAR","ECLIPSE",2,"Gaadhoo inside","inside","2021/22"
"251","GI","PAR","FRENATUS",9,"Gaadhoo inside","inside","2021/22"
"252","GI","PAR","GFACE",8,"Gaadhoo inside","inside","2021/22"
"253","GI","PAR","L.NOSE",8,"Gaadhoo inside","inside","2021/22"
"254","GI","PAR","SCABER",13,"Gaadhoo inside","inside","2021/22"
"255","GI","PAR","SORDID",65,"Gaadhoo inside","inside","2021/22"
"256","GI","PAR","SQ",1,"Gaadhoo inside","inside","2021/22"
"257","GI","RAB","STR",1,"Gaadhoo inside","inside","2021/22"
"258","GI","SNAP","FUL",1,"Gaadhoo inside","inside","2021/22"
"259","GI","SNAP","FUR",1,"Gaadhoo inside","inside","2021/22"
"260","GI","SNAP","MID",3,"Gaadhoo inside","inside","2021/22"
"261","GI","SNAP","MONOS",9,"Gaadhoo inside","inside","2021/22"
"262","GI","T&J","BLOCH",1,"Gaadhoo inside","inside","2021/22"
"263","GI","T&J","MEL",2,"Gaadhoo inside","inside","2021/22"
"264","GI","TRIG","CLN",2,"Gaadhoo inside","inside","2021/22"
"265","GI","TRIG","IND",1,"Gaadhoo inside","inside","2021/22"
"266","GI","TRIG","STR",5,"Gaadhoo inside","inside","2021/22"
"267","GI","TRIG","SUFB",4,"Gaadhoo inside","inside","2021/22"
"268","GI","TRIG","TIT",1,"Gaadhoo inside","inside","2021/22"
"269","GO","BUT","AUR",1,"Gaadhoo outside","outside","2021/22"
"270","GO","BUT","BUT",2,"Gaadhoo outside","outside","2021/22"
"271","GO","BUT","COL",5,"Gaadhoo outside","outside","2021/22"
"272","GO","BUT","GUT",13,"Gaadhoo outside","outside","2021/22"
"273","GO","BUT","KLE",11,"Gaadhoo outside","outside","2021/22"
"274","GO","BUT","LN",3,"Gaadhoo outside","outside","2021/22"
"275","GO","BUT","MEY",1,"Gaadhoo outside","outside","2021/22"
"276","GO","BUT","TFT",2,"Gaadhoo outside","outside","2021/22"
"277","GO","EMP","ERY",1,"Gaadhoo outside","outside","2021/22"
"278","GO","EMP","MONO",1,"Gaadhoo outside","outside","2021/22"
"279","GO","GRO","ARG",4,"Gaadhoo outside","outside","2021/22"
"280","GO","GRO","MIN",13,"Gaadhoo outside","outside","2021/22"
"281","GO","GRO","SPIL",3,"Gaadhoo outside","outside","2021/22"
"282","GO","PAR","2 COLOUR",2,"Gaadhoo outside","outside","2021/22"
"283","GO","PAR","BLUBAR",5,"Gaadhoo outside","outside","2021/22"
"284","GO","PAR","ECLIPSE",3,"Gaadhoo outside","outside","2021/22"
"285","GO","PAR","EMBER",9,"Gaadhoo outside","outside","2021/22"
"286","GO","PAR","FRENATUS",2,"Gaadhoo outside","outside","2021/22"
"287","GO","PAR","G.FACE",1,"Gaadhoo outside","outside","2021/22"
"288","GO","PAR","L.NOSE",11,"Gaadhoo outside","outside","2021/22"
"289","GO","PAR","SHEEPHEAD",2,"Gaadhoo outside","outside","2021/22"
"290","GO","PAR","SORDID",46,"Gaadhoo outside","outside","2021/22"
"291","GO","PAR","SQ",7,"Gaadhoo outside","outside","2021/22"
"292","GO","RAB","STR",4,"Gaadhoo outside","outside","2021/22"
"293","GO","SNAP","MID",1,"Gaadhoo outside","outside","2021/22"
"294","GO","T&J","MEL",1,"Gaadhoo outside","outside","2021/22"
"295","GO","T&J","SPEC",16,"Gaadhoo outside","outside","2021/22"
"296","GO","TRIG","CLN",1,"Gaadhoo outside","outside","2021/22"
"297","GO","TRIG","IND",18,"Gaadhoo outside","outside","2021/22"
"298","GO","TRIG","STR",8,"Gaadhoo outside","outside","2021/22"
"299","GO","TRIG","SUFB",5,"Gaadhoo outside","outside","2021/22"
"300","GO","TRIG","SUFC",1,"Gaadhoo outside","outside","2021/22"
"301","HC","BUT","AUR",2,"Hithadhoo corner","channel","2021/22"
"302","HC","BUT","COL",2,"Hithadhoo corner","channel","2021/22"
"303","HC","BUT","DECU",2,"Hithadhoo corner","channel","2021/22"
"304","HC","BUT","GUT",2,"Hithadhoo corner","channel","2021/22"
"305","HC","BUT","KLE",2,"Hithadhoo corner","channel","2021/22"
"306","HC","BUT","MASK",2,"Hithadhoo corner","channel","2021/22"
"307","HC","BUT","MEY",5,"Hithadhoo corner","channel","2021/22"
"308","HC","BUT","TFT",3,"Hithadhoo corner","channel","2021/22"
"309","HC","BUT","XAN",2,"Hithadhoo corner","channel","2021/22"
"310","HC","GRO","ARG",3,"Hithadhoo corner","channel","2021/22"
"311","HC","GRO","MIN",2,"Hithadhoo corner","channel","2021/22"
"312","HC","GRO","POL",1,"Hithadhoo corner","channel","2021/22"
"313","HC","PAR","3 COLOUR",2,"Hithadhoo corner","channel","2021/22"
"314","HC","PAR","ECLIPSE",1,"Hithadhoo corner","channel","2021/22"
"315","HC","PAR","EMBER",11,"Hithadhoo corner","channel","2021/22"
"316","HC","PAR","GFACE",1,"Hithadhoo corner","channel","2021/22"
"317","HC","PAR","L.NOSE",2,"Hithadhoo corner","channel","2021/22"
"318","HC","PAR","ROSY",1,"Hithadhoo corner","channel","2021/22"
"319","HC","PAR","SHEEPHEAD",2,"Hithadhoo corner","channel","2021/22"
"320","HC","PAR","SORDID",4,"Hithadhoo corner","channel","2021/22"
"321","HC","PAR","SQ",3,"Hithadhoo corner","channel","2021/22"
"322","HC","RAB","STR",2,"Hithadhoo corner","channel","2021/22"
"323","HC","SNAP","GIB",6,"Hithadhoo corner","channel","2021/22"
"324","HC","SNAP","KAS",97,"Hithadhoo corner","channel","2021/22"
"325","HC","SNAP","MID",4,"Hithadhoo corner","channel","2021/22"
"326","HC","SNAP","RED",1,"Hithadhoo corner","channel","2021/22"
"327","HC","T&J","MEL",1,"Hithadhoo corner","channel","2021/22"
"328","HC","TRIG","CIN",3,"Hithadhoo corner","channel","2021/22"
"329","HC","TRIG","IND",9,"Hithadhoo corner","channel","2021/22"
"330","HC","TRIG","STR",5,"Hithadhoo corner","channel","2021/22"
"331","HC","TRIG","SUFB",11,"Hithadhoo corner","channel","2021/22"
"332","HH","BUT","CHEV",4,"Hassanhaa","thila","2021/22"
"333","HH","BUT","GUT",1,"Hassanhaa","thila","2021/22"
"334","HH","BUT","KLE",2,"Hassanhaa","thila","2021/22"
"335","HH","BUT","OXY",2,"Hassanhaa","thila","2021/22"
"336","HH","BUT","TFT",68,"Hassanhaa","thila","2021/22"
"337","HH","BUT","TRI",33,"Hassanhaa","thila","2021/22"
"338","HH","BUT","VEGA",4,"Hassanhaa","thila","2021/22"
"339","HH","BUT","VLN",2,"Hassanhaa","thila","2021/22"
"340","HH","EMP","AUR",1,"Hassanhaa","thila","2021/22"
"341","HH","EMP","MONO",5,"Hassanhaa","thila","2021/22"
"342","HH","GRO","ARE",25,"Hassanhaa","thila","2021/22"
"343","HH","GRO","ARG",2,"Hassanhaa","thila","2021/22"
"344","HH","GRO","LEO",1,"Hassanhaa","thila","2021/22"
"345","HH","GRO","LEU",2,"Hassanhaa","thila","2021/22"
"346","HH","GRO","MER",1,"Hassanhaa","thila","2021/22"
"347","HH","GRO","ROG",1,"Hassanhaa","thila","2021/22"
"348","HH","GRO","SEX",1,"Hassanhaa","thila","2021/22"
"349","HH","GRO","SPIL",1,"Hassanhaa","thila","2021/22"
"350","HH","PAR","3COLOR",1,"Hassanhaa","thila","2021/22"
"351","HH","PAR","BLUEBAR",9,"Hassanhaa","thila","2021/22"
"352","HH","PAR","DUSKY",34,"Hassanhaa","thila","2021/22"
"353","HH","PAR","ECLIPSE",8,"Hassanhaa","thila","2021/22"
"354","HH","PAR","EMBER",2,"Hassanhaa","thila","2021/22"
"355","HH","PAR","FRENATUS",1,"Hassanhaa","thila","2021/22"
"356","HH","PAR","SCABER",1,"Hassanhaa","thila","2021/22"
"357","HH","PAR","SORDID",185,"Hassanhaa","thila","2021/22"
"358","HH","RAB","STR",8,"Hassanhaa","thila","2021/22"
"359","HH","T&J","ORTH",5,"Hassanhaa","thila","2021/22"
"360","HH","TRIG","IND",1,"Hassanhaa","thila","2021/22"
"361","HH","TRIG","STR",1,"Hassanhaa","thila","2021/22"
"362","HI","BUT","AUR",7,"Hithadhoo inside","inside","2021/22"
"363","HI","BUT","COL",9,"Hithadhoo inside","inside","2021/22"
"364","HI","BUT","GUT",2,"Hithadhoo inside","inside","2021/22"
"365","HI","BUT","LN",1,"Hithadhoo inside","inside","2021/22"
"366","HI","BUT","LUN",2,"Hithadhoo inside","inside","2021/22"
"367","HI","BUT","MASK",1,"Hithadhoo inside","inside","2021/22"
"368","HI","BUT","TFT",10,"Hithadhoo inside","inside","2021/22"
"369","HI","BUT ","BEN",1,"Hithadhoo inside","inside","2021/22"
"370","HI","BUT ","COL",5,"Hithadhoo inside","inside","2021/22"
"371","HI","BUT ","FAL",6,"Hithadhoo inside","inside","2021/22"
"372","HI","BUT ","LN",1,"Hithadhoo inside","inside","2021/22"
"373","HI","BUT ","LUN",9,"Hithadhoo inside","inside","2021/22"
"374","HI","BUT ","PHA",1,"Hithadhoo inside","inside","2021/22"
"375","HI","BUT ","TFT",7,"Hithadhoo inside","inside","2021/22"
"376","HI","EMP","MONO",30,"Hithadhoo inside","inside","2021/22"
"377","HI","GRO","ARG",3,"Hithadhoo inside","inside","2021/22"
"378","HI","GRO","COE",1,"Hithadhoo inside","inside","2021/22"
"379","HI","GRO","LEU",1,"Hithadhoo inside","inside","2021/22"
"380","HI","GRO","MER",1,"Hithadhoo inside","inside","2021/22"
"381","HI","GRO","MIN",7,"Hithadhoo inside","inside","2021/22"
"382","HI","PAR","BLUEBAR",1,"Hithadhoo inside","inside","2021/22"
"383","HI","PAR","DUSKY",4,"Hithadhoo inside","inside","2021/22"
"384","HI","PAR","L-NOSE",3,"Hithadhoo inside","inside","2021/22"
"385","HI","PAR","ROSY",1,"Hithadhoo inside","inside","2021/22"
"386","HI","PAR","SCABER",2,"Hithadhoo inside","inside","2021/22"
"387","HI","PAR","SHEEPHEAD",7,"Hithadhoo inside","inside","2021/22"
"388","HI","PAR","SORDID",30,"Hithadhoo inside","inside","2021/22"
"389","HI","RAB","SGR",4,"Hithadhoo inside","inside","2021/22"
"390","HI","RAB","STR",1,"Hithadhoo inside","inside","2021/22"
"391","HI","SNAP","CHEK",1,"Hithadhoo inside","inside","2021/22"
"392","HI","SNAP","FUL",3,"Hithadhoo inside","inside","2021/22"
"393","HI","SNAP","FUR",1,"Hithadhoo inside","inside","2021/22"
"394","HI","SNAP","GIB",2,"Hithadhoo inside","inside","2021/22"
"395","HI","SNAP","KAS",27,"Hithadhoo inside","inside","2021/22"
"396","HI","SNAP","MID",1,"Hithadhoo inside","inside","2021/22"
"397","HI","SNAP","MONOS",18,"Hithadhoo inside","inside","2021/22"
"398","HI","T & J","LUG",1,"Hithadhoo inside","inside","2021/22"
"399","HI","T & J","MEL",4,"Hithadhoo inside","inside","2021/22"
"400","HI","T&J","BLOCH",1,"Hithadhoo inside","inside","2021/22"
"401","HI","T&J","MEL",3,"Hithadhoo inside","inside","2021/22"
"402","HI","TRIG","STR",22,"Hithadhoo inside","inside","2021/22"
"403","HW","BUT","AUR",1,"Hithadhoo west","outside","2021/22"
"404","HW","BUT","FAL",1,"Hithadhoo west","outside","2021/22"
"405","HW","BUT","GUT",24,"Hithadhoo west","outside","2021/22"
"406","HW","BUT","KLE",11,"Hithadhoo west","outside","2021/22"
"407","HW","BUT","LN",1,"Hithadhoo west","outside","2021/22"
"408","HW","BUT","MEY",4,"Hithadhoo west","outside","2021/22"
"409","HW","BUT","TFT",3,"Hithadhoo west","outside","2021/22"
"410","HW","BUT","XAN",1,"Hithadhoo west","outside","2021/22"
"411","HW","EMP","MONO",8,"Hithadhoo west","outside","2021/22"
"412","HW","GC","MAX",1,"Hithadhoo west","outside","2021/22"
"413","HW","GRO","ARG",20,"Hithadhoo west","outside","2021/22"
"414","HW","GRO","MIN",6,"Hithadhoo west","outside","2021/22"
"415","HW","GRO","ROG",2,"Hithadhoo west","outside","2021/22"
"416","HW","PAR","3 COLOR",10,"Hithadhoo west","outside","2021/22"
"417","HW","PAR","BARTAIL",1,"Hithadhoo west","outside","2021/22"
"418","HW","PAR","G.FACE",7,"Hithadhoo west","outside","2021/22"
"419","HW","PAR","ROSY",3,"Hithadhoo west","outside","2021/22"
"420","HW","PAR","SCAB",3,"Hithadhoo west","outside","2021/22"
"421","HW","PAR","SHEEPHEAD",18,"Hithadhoo west","outside","2021/22"
"422","HW","PAR","SORDID",14,"Hithadhoo west","outside","2021/22"
"423","HW","SEA","LOLLY",2,"Hithadhoo west","outside","2021/22"
"424","HW","SNAP","FUR",1,"Hithadhoo west","outside","2021/22"
"425","HW","SNAP","GIB",2,"Hithadhoo west","outside","2021/22"
"426","HW","SNAP","MID",2,"Hithadhoo west","outside","2021/22"
"427","HW","T&J","ORTH",5,"Hithadhoo west","outside","2021/22"
"428","HW","TRIG","CLN",2,"Hithadhoo west","outside","2021/22"
"429","HW","TRIG","IND",38,"Hithadhoo west","outside","2021/22"
"430","HW","TRIG","NIG",14,"Hithadhoo west","outside","2021/22"
"431","HW","TRIG","STR",9,"Hithadhoo west","outside","2021/22"
"432","HW","TRIG","SUFB",15,"Hithadhoo west","outside","2021/22"
"433","HW",NA,NA,4,"Hithadhoo west","outside","2021/22"
"434","IM","BUT","AUR",1,"Isdhoo muli","outside","2021/22"
"435","IM","BUT","CHEV",2,"Isdhoo muli","outside","2021/22"
"436","IM","BUT","COL",8,"Isdhoo muli","outside","2021/22"
"437","IM","BUT","GUT",25,"Isdhoo muli","outside","2021/22"
"438","IM","BUT","KLE",2,"Isdhoo muli","outside","2021/22"
"439","IM","BUT","LN",3,"Isdhoo muli","outside","2021/22"
"440","IM","BUT","LUN",2,"Isdhoo muli","outside","2021/22"
"441","IM","BUT","MEY",4,"Isdhoo muli","outside","2021/22"
"442","IM","BUT","PHA",4,"Isdhoo muli","outside","2021/22"
"443","IM","BUT","PYR",2,"Isdhoo muli","outside","2021/22"
"444","IM","BUT","TFT",2,"Isdhoo muli","outside","2021/22"
"445","IM","EMP","MONO",16,"Isdhoo muli","outside","2021/22"
"446","IM","GRO","ALBO",1,"Isdhoo muli","outside","2021/22"
"447","IM","GRO","ARG",13,"Isdhoo muli","outside","2021/22"
"448","IM","GRO","BOE",38,"Isdhoo muli","outside","2021/22"
"449","IM","GRO","COL",2,"Isdhoo muli","outside","2021/22"
"450","IM","GRO","FAL",2,"Isdhoo muli","outside","2021/22"
"451","IM","GRO","GUT",8,"Isdhoo muli","outside","2021/22"
"452","IM","GRO","LEO",5,"Isdhoo muli","outside","2021/22"
"453","IM","GRO","LUN",2,"Isdhoo muli","outside","2021/22"
"454","IM","GRO","MEL",1,"Isdhoo muli","outside","2021/22"
"455","IM","GRO","MEY",1,"Isdhoo muli","outside","2021/22"
"456","IM","GRO","MIN",33,"Isdhoo muli","outside","2021/22"
"457","IM","GRO","POL",2,"Isdhoo muli","outside","2021/22"
"458","IM","GRO","ROG",2,"Isdhoo muli","outside","2021/22"
"459","IM","GRO","SPIL",12,"Isdhoo muli","outside","2021/22"
"460","IM","PAR","2 COLOUR",5,"Isdhoo muli","outside","2021/22"
"461","IM","PAR","3 COLOUR",5,"Isdhoo muli","outside","2021/22"
"462","IM","PAR","DUSKY",5,"Isdhoo muli","outside","2021/22"
"463","IM","PAR","SORDID",20,"Isdhoo muli","outside","2021/22"
"464","IM","PAR","STEEPHEAD",8,"Isdhoo muli","outside","2021/22"
"465","IM","PAR ","DUSKY",1,"Isdhoo muli","outside","2021/22"
"466","IM","PAR ","SORDID",1,"Isdhoo muli","outside","2021/22"
"467","IM","RAB","SCH",5,"Isdhoo muli","outside","2021/22"
"468","IM","RAB","STR",2,"Isdhoo muli","outside","2021/22"
"469","IM","SNAP","FUR",4,"Isdhoo muli","outside","2021/22"
"470","IM","SNAP","GIB",60,"Isdhoo muli","outside","2021/22"
"471","IM","SNAP","KAS",1,"Isdhoo muli","outside","2021/22"
"472","IM","SNAP","RED",17,"Isdhoo muli","outside","2021/22"
"473","IM","T&J","LUG",4,"Isdhoo muli","outside","2021/22"
"474","IM","T&J","MEL",122,"Isdhoo muli","outside","2021/22"
"475","IM","T&J","SPEC",1,"Isdhoo muli","outside","2021/22"
"476","IM","TRIG","IND",33,"Isdhoo muli","outside","2021/22"
"477","IM","TRIG","REDT",156,"Isdhoo muli","outside","2021/22"
"478","IM","TRIG","STR",38,"Isdhoo muli","outside","2021/22"
"479","IM","TRIG","SUFB",20,"Isdhoo muli","outside","2021/22"
"480","IM","TRIG","SUFC",2,"Isdhoo muli","outside","2021/22"
"481","IM","TRIG","SUFF",3,"Isdhoo muli","outside","2021/22"
"482","IM","TRIG","TIT",1,"Isdhoo muli","outside","2021/22"
"483","KF","BUT","AUR",1,"Kuda falhu","thila","2021/22"
"484","KF","BUT","FAL",3,"Kuda falhu","thila","2021/22"
"485","KF","BUT","KLE",15,"Kuda falhu","thila","2021/22"
"486","KF","BUT","KLI",3,"Kuda falhu","thila","2021/22"
"487","KF","BUT","LN",3,"Kuda falhu","thila","2021/22"
"488","KF","BUT","LUN",1,"Kuda falhu","thila","2021/22"
"489","KF","BUT","TFT",10,"Kuda falhu","thila","2021/22"
"490","KF","BUT","TRI",14,"Kuda falhu","thila","2021/22"
"491","KF","BUT","TRI ",1,"Kuda falhu","thila","2021/22"
"492","KF","EMP","AUR",1,"Kuda falhu","thila","2021/22"
"493","KF","GRO","ALBO",2,"Kuda falhu","thila","2021/22"
"494","KF","GRO","ARG",2,"Kuda falhu","thila","2021/22"
"495","KF","GRO","LEO",1,"Kuda falhu","thila","2021/22"
"496","KF","GRO","LEU",9,"Kuda falhu","thila","2021/22"
"497","KF","GRO","POL",1,"Kuda falhu","thila","2021/22"
"498","KF","GRO","ROG",2,"Kuda falhu","thila","2021/22"
"499","KF","PAR","2 COLOUR",3,"Kuda falhu","thila","2021/22"
"500","KF","PAR","DUSKY",28,"Kuda falhu","thila","2021/22"
"501","KF","PAR","SORDID",51,"Kuda falhu","thila","2021/22"
"502","KF","RAB","SCH",14,"Kuda falhu","thila","2021/22"
"503","KF","RAB","SGR",3,"Kuda falhu","thila","2021/22"
"504","KF","SNAP","AUR",1,"Kuda falhu","thila","2021/22"
"505","KF","SNAP","GIB",1,"Kuda falhu","thila","2021/22"
"506","KF","SNAP","IND2",59,"Kuda falhu","thila","2021/22"
"507","KF","SNAP","MAD",1,"Kuda falhu","thila","2021/22"
"508","KF","TRIG","STR",3,"Kuda falhu","thila","2021/22"
"509","KO","BUT","AUR",5,"Kurethi outside","outside","2021/22"
"510","KO","BUT","CIT",18,"Kurethi outside","outside","2021/22"
"511","KO","BUT","GUT",18,"Kurethi outside","outside","2021/22"
"512","KO","BUT","KLE",10,"Kurethi outside","outside","2021/22"
"513","KO","BUT","LN",3,"Kurethi outside","outside","2021/22"
"514","KO","BUT","MEY",9,"Kurethi outside","outside","2021/22"
"515","KO","BUT","TFT",17,"Kurethi outside","outside","2021/22"
"516","KO","BUT","TRI",4,"Kurethi outside","outside","2021/22"
"517","KO","BUT","XAN",3,"Kurethi outside","outside","2021/22"
"518","KO","EMP","MONO",5,"Kurethi outside","outside","2021/22"
"519","KO","EMP","OLI",1,"Kurethi outside","outside","2021/22"
"520","KO","GRO","ARE",5,"Kurethi outside","outside","2021/22"
"521","KO","GRO","ARG",24,"Kurethi outside","outside","2021/22"
"522","KO","GRO","LEO",1,"Kurethi outside","outside","2021/22"
"523","KO","GRO","MEL",1,"Kurethi outside","outside","2021/22"
"524","KO","GRO","ROG",1,"Kurethi outside","outside","2021/22"
"525","KO","GRO","SEX",20,"Kurethi outside","outside","2021/22"
"526","KO","GRO","SPIL",1,"Kurethi outside","outside","2021/22"
"527","KO","PAR","3COLOR",16,"Kurethi outside","outside","2021/22"
"528","KO","PAR","BLTIP",5,"Kurethi outside","outside","2021/22"
"529","KO","PAR","DUSKY",1,"Kurethi outside","outside","2021/22"
"530","KO","PAR","GFACE",2,"Kurethi outside","outside","2021/22"
"531","KO","PAR","L-NOSE",7,"Kurethi outside","outside","2021/22"
"532","KO","PAR","ROSY",1,"Kurethi outside","outside","2021/22"
"533","KO","PAR","SHEEPHEAD",2,"Kurethi outside","outside","2021/22"
"534","KO","PAR","SORDID",84,"Kurethi outside","outside","2021/22"
"535","KO","RAB","STR",2,"Kurethi outside","outside","2021/22"
"536","KO","SNAP","FUL",1,"Kurethi outside","outside","2021/22"
"537","KO","SNAP","FUR",2,"Kurethi outside","outside","2021/22"
"538","KO","SNAP","GIB",2,"Kurethi outside","outside","2021/22"
"539","KO","SNAP","KAS",1,"Kurethi outside","outside","2021/22"
"540","KO","SNAP","MID",2,"Kurethi outside","outside","2021/22"
"541","KO","SNAP","RED",1,"Kurethi outside","outside","2021/22"
"542","KO","T&J","MEL",1,"Kurethi outside","outside","2021/22"
"543","KO","TRIG","CLN",2,"Kurethi outside","outside","2021/22"
"544","KO","TRIG","IND",33,"Kurethi outside","outside","2021/22"
"545","KO","TRIG","STR",11,"Kurethi outside","outside","2021/22"
"546","KO","TRIG","SUFB",5,"Kurethi outside","outside","2021/22"
"547","KO","TRIG","TIT",1,"Kurethi outside","outside","2021/22"
"548","LF","BUT","COL",1,"Laamafaruhaa","thila","2021/22"
"549","LF","BUT","FAL",3,"Laamafaruhaa","thila","2021/22"
"550","LF","BUT","LN",15,"Laamafaruhaa","thila","2021/22"
"551","LF","BUT","LUN",2,"Laamafaruhaa","thila","2021/22"
"552","LF","BUT","MEY",1,"Laamafaruhaa","thila","2021/22"
"553","LF","BUT","TFT",18,"Laamafaruhaa","thila","2021/22"
"554","LF","BUT","TRI",3,"Laamafaruhaa","thila","2021/22"
"555","LF","EMP","ERY",1,"Laamafaruhaa","thila","2021/22"
"556","LF","EMP","HAR",1,"Laamafaruhaa","thila","2021/22"
"557","LF","EMP","MONO",19,"Laamafaruhaa","thila","2021/22"
"558","LF","GRO","ALBO",1,"Laamafaruhaa","thila","2021/22"
"559","LF","GRO","ARG",7,"Laamafaruhaa","thila","2021/22"
"560","LF","GRO","COE",3,"Laamafaruhaa","thila","2021/22"
"561","LF","GRO","LEU",4,"Laamafaruhaa","thila","2021/22"
"562","LF","GRO","MIN",6,"Laamafaruhaa","thila","2021/22"
"563","LF","GRO","ROG",5,"Laamafaruhaa","thila","2021/22"
"564","LF","PAR","3 COLOR",10,"Laamafaruhaa","thila","2021/22"
"565","LF","PAR","BLUE",2,"Laamafaruhaa","thila","2021/22"
"566","LF","PAR","DUSKY",72,"Laamafaruhaa","thila","2021/22"
"567","LF","PAR","ECLIPSE",3,"Laamafaruhaa","thila","2021/22"
"568","LF","PAR","EMBER",1,"Laamafaruhaa","thila","2021/22"
"569","LF","PAR","FRENATUS",1,"Laamafaruhaa","thila","2021/22"
"570","LF","PAR","GFACE",2,"Laamafaruhaa","thila","2021/22"
"571","LF","PAR","ROSY",7,"Laamafaruhaa","thila","2021/22"
"572","LF","PAR","SCABER",2,"Laamafaruhaa","thila","2021/22"
"573","LF","PAR","SORDID",153,"Laamafaruhaa","thila","2021/22"
"574","LF","PAR","SQ",1,"Laamafaruhaa","thila","2021/22"
"575","LF","PAR","STR",6,"Laamafaruhaa","thila","2021/22"
"576","LF","RAB","CHIN",4,"Laamafaruhaa","thila","2021/22"
"577","LF","RAB","STR",4,"Laamafaruhaa","thila","2021/22"
"578","LF","SNAP","FUR",4,"Laamafaruhaa","thila","2021/22"
"579","LF","SNAP","IND",4,"Laamafaruhaa","thila","2021/22"
"580","LF","SNAP","IND2",1,"Laamafaruhaa","thila","2021/22"
"581","LF","SNAP","MONOS",3,"Laamafaruhaa","thila","2021/22"
"582","LF","SNAP","RED",1,"Laamafaruhaa","thila","2021/22"
"583","LF","TRIG","STR",17,"Laamafaruhaa","thila","2021/22"
"584","LF","TRIG","SUBF",1,"Laamafaruhaa","thila","2021/22"
"585","LF","TRIG","SUFB",3,"Laamafaruhaa","thila","2021/22"
"586","MBI","BUT","COL",8,"Maabaidhoo inside","inside","2021/22"
"587","MBI","BUT","FAL",2,"Maabaidhoo inside","inside","2021/22"
"588","MBI","BUT","GUT",6,"Maabaidhoo inside","inside","2021/22"
"589","MBI","BUT","LN",2,"Maabaidhoo inside","inside","2021/22"
"590","MBI","BUT","LUN",5,"Maabaidhoo inside","inside","2021/22"
"591","MBI","BUT","PHA",2,"Maabaidhoo inside","inside","2021/22"
"592","MBI","BUT","TFT",10,"Maabaidhoo inside","inside","2021/22"
"593","MBI","BUT","TRI",9,"Maabaidhoo inside","inside","2021/22"
"594","MBI","BUT","XAN",2,"Maabaidhoo inside","inside","2021/22"
"595","MBI","EMP","MONO",22,"Maabaidhoo inside","inside","2021/22"
"596","MBI","EMP","XAN",2,"Maabaidhoo inside","inside","2021/22"
"597","MBI","GRO","ARG",15,"Maabaidhoo inside","inside","2021/22"
"598","MBI","GRO","BOE",2,"Maabaidhoo inside","inside","2021/22"
"599","MBI","GRO","LEO",9,"Maabaidhoo inside","inside","2021/22"
"600","MBI","GRO","ROG",1,"Maabaidhoo inside","inside","2021/22"
"601","MBI","PAR","2 COLOUR",2,"Maabaidhoo inside","inside","2021/22"
"602","MBI","PAR","DUSKY",3,"Maabaidhoo inside","inside","2021/22"
"603","MBI","PAR","SORDID",35,"Maabaidhoo inside","inside","2021/22"
"604","MBI","RAB","SGR",3,"Maabaidhoo inside","inside","2021/22"
"605","MBI","RAB","STR",1,"Maabaidhoo inside","inside","2021/22"
"606","MBI","SNAP","GIB",30,"Maabaidhoo inside","inside","2021/22"
"607","MBI","SNAP","MONO",14,"Maabaidhoo inside","inside","2021/22"
"608","MBI","T&J","MEL",6,"Maabaidhoo inside","inside","2021/22"
"609","MBI","T&J","SPEC",36,"Maabaidhoo inside","inside","2021/22"
"610","MBI","TRIG","FLAV",2,"Maabaidhoo inside","inside","2021/22"
"611","MBI","TRIG","STR",26,"Maabaidhoo inside","inside","2021/22"
"612","MBO","BUT","AUR",1,"Maabaidhoo outside","outside","2021/22"
"613","MBO","BUT","GUT",40,"Maabaidhoo outside","outside","2021/22"
"614","MBO","BUT","LN",2,"Maabaidhoo outside","outside","2021/22"
"615","MBO","BUT","LUN",1,"Maabaidhoo outside","outside","2021/22"
"616","MBO","BUT","MEY",8,"Maabaidhoo outside","outside","2021/22"
"617","MBO","BUT","PYR",5,"Maabaidhoo outside","outside","2021/22"
"618","MBO","BUT","TFT",4,"Maabaidhoo outside","outside","2021/22"
"619","MBO","BUT","XAN",1,"Maabaidhoo outside","outside","2021/22"
"620","MBO","EMP","ERY",1,"Maabaidhoo outside","outside","2021/22"
"621","MBO","GRO","ALBO",5,"Maabaidhoo outside","outside","2021/22"
"622","MBO","GRO","ARG",19,"Maabaidhoo outside","outside","2021/22"
"623","MBO","GRO","LEA",1,"Maabaidhoo outside","outside","2021/22"
"624","MBO","GRO","LEO",1,"Maabaidhoo outside","outside","2021/22"
"625","MBO","GRO","MAC",1,"Maabaidhoo outside","outside","2021/22"
"626","MBO","GRO","MER",1,"Maabaidhoo outside","outside","2021/22"
"627","MBO","GRO","MIN",2,"Maabaidhoo outside","outside","2021/22"
"628","MBO","GRO","MN",1,"Maabaidhoo outside","outside","2021/22"
"629","MBO","GRO","ROG",9,"Maabaidhoo outside","outside","2021/22"
"630","MBO","GRO","SEX",3,"Maabaidhoo outside","outside","2021/22"
"631","MBO","GRO","SPIL",23,"Maabaidhoo outside","outside","2021/22"
"632","MBO","PAR","3 COLOUR",2,"Maabaidhoo outside","outside","2021/22"
"633","MBO","PAR","DUSKY",69,"Maabaidhoo outside","outside","2021/22"
"634","MBO","PAR","SORDID",55,"Maabaidhoo outside","outside","2021/22"
"635","MBO","RAB","SGR",1,"Maabaidhoo outside","outside","2021/22"
"636","MBO","RAB","STR",10,"Maabaidhoo outside","outside","2021/22"
"637","MBO","SNAP","FUR",3,"Maabaidhoo outside","outside","2021/22"
"638","MBO","SNAP","GIB",2,"Maabaidhoo outside","outside","2021/22"
"639","MBO","SNAP","IND2",3,"Maabaidhoo outside","outside","2021/22"
"640","MBO","SNAP","IND2 ",2,"Maabaidhoo outside","outside","2021/22"
"641","MBO","SNAP","MAD",1,"Maabaidhoo outside","outside","2021/22"
"642","MBO","SNAP","MONO",2,"Maabaidhoo outside","outside","2021/22"
"643","MBO","SNAP","RED",1,"Maabaidhoo outside","outside","2021/22"
"644","MBO","T&J","MACA",2,"Maabaidhoo outside","outside","2021/22"
"645","MBO","T&J","MEL",12,"Maabaidhoo outside","outside","2021/22"
"646","MBO","TRIG","CLN",1,"Maabaidhoo outside","outside","2021/22"
"647","MBO","TRIG","IND",71,"Maabaidhoo outside","outside","2021/22"
"648","MBO","TRIG","STR",60,"Maabaidhoo outside","outside","2021/22"
"649","MBO","TRIG","SUFB",8,"Maabaidhoo outside","outside","2021/22"
"650","MBO","TRIG","SUFF",2,"Maabaidhoo outside","outside","2021/22"
"651","MC","BUT","AUR",5,"Maavah corner","channel","2021/22"
"652","MC","BUT","CIT",8,"Maavah corner","channel","2021/22"
"653","MC","BUT","COL",22,"Maavah corner","channel","2021/22"
"654","MC","BUT","FAL",2,"Maavah corner","channel","2021/22"
"655","MC","BUT","GUT",9,"Maavah corner","channel","2021/22"
"656","MC","BUT","KLE",19,"Maavah corner","channel","2021/22"
"657","MC","BUT","LN",1,"Maavah corner","channel","2021/22"
"658","MC","BUT","LUN",13,"Maavah corner","channel","2021/22"
"659","MC","BUT","MEL",2,"Maavah corner","channel","2021/22"
"660","MC","BUT","MEY",9,"Maavah corner","channel","2021/22"
"661","MC","BUT","TFT",4,"Maavah corner","channel","2021/22"
"662","MC","BUT","TRI",1,"Maavah corner","channel","2021/22"
"663","MC","BUT","XAN",4,"Maavah corner","channel","2021/22"
"664","MC","EMP","G.MIC",12,"Maavah corner","channel","2021/22"
"665","MC","EMP","MONO",78,"Maavah corner","channel","2021/22"
"666","MC","GRO","ALBO",3,"Maavah corner","channel","2021/22"
"667","MC","GRO","ARE",2,"Maavah corner","channel","2021/22"
"668","MC","GRO","ARG",7,"Maavah corner","channel","2021/22"
"669","MC","GRO","MIN",4,"Maavah corner","channel","2021/22"
"670","MC","GRO","ROG",7,"Maavah corner","channel","2021/22"
"671","MC","GRO","SEX",13,"Maavah corner","channel","2021/22"
"672","MC","PAR","3COLOR",16,"Maavah corner","channel","2021/22"
"673","MC","PAR","BARTAIL",1,"Maavah corner","channel","2021/22"
"674","MC","PAR","DUSKY",1,"Maavah corner","channel","2021/22"
"675","MC","PAR","GFACE",1,"Maavah corner","channel","2021/22"
"676","MC","PAR","L-NOSE",1,"Maavah corner","channel","2021/22"
"677","MC","PAR","SHEEPHEAD",28,"Maavah corner","channel","2021/22"
"678","MC","PAR","SORDID",30,"Maavah corner","channel","2021/22"
"679","MC","RAB","STR",10,"Maavah corner","channel","2021/22"
"680","MC","SNAP","BLACK",2,"Maavah corner","channel","2021/22"
"681","MC","SNAP","FUL",13,"Maavah corner","channel","2021/22"
"682","MC","SNAP","FUR",3,"Maavah corner","channel","2021/22"
"683","MC","SNAP","GIB",163,"Maavah corner","channel","2021/22"
"684","MC","SNAP","MID",8,"Maavah corner","channel","2021/22"
"685","MC","SNAP","MONO",46,"Maavah corner","channel","2021/22"
"686","MC","SNAP","RED",5,"Maavah corner","channel","2021/22"
"687","MC","SNAP","VIR",1,"Maavah corner","channel","2021/22"
"688","MC","T&J","MEL",1,"Maavah corner","channel","2021/22"
"689","MC","TRIG","IND",19,"Maavah corner","channel","2021/22"
"690","MC","TRIG","STR",8,"Maavah corner","channel","2021/22"
"691","MC","TRIG","SUFB",2,"Maavah corner","channel","2021/22"
"692","MI","BUT","AUR",2,"Maavah inside","inside","2021/22"
"693","MI","BUT","FAL",8,"Maavah inside","inside","2021/22"
"694","MI","BUT","TFT",18,"Maavah inside","inside","2021/22"
"695","MI","BUT","TRI",5,"Maavah inside","inside","2021/22"
"696","MI","EMP","G.MIC",1,"Maavah inside","inside","2021/22"
"697","MI","EMP","HAR",1,"Maavah inside","inside","2021/22"
"698","MI","EMP","MONO",7,"Maavah inside","inside","2021/22"
"699","MI","GRO","ARE",25,"Maavah inside","inside","2021/22"
"700","MI","GRO","ARG",14,"Maavah inside","inside","2021/22"
"701","MI","GRO","LEA",1,"Maavah inside","inside","2021/22"
"702","MI","GRO","LEU",6,"Maavah inside","inside","2021/22"
"703","MI","GRO","LOU",1,"Maavah inside","inside","2021/22"
"704","MI","GRO","ROG",13,"Maavah inside","inside","2021/22"
"705","MI","GRO","SEX",1,"Maavah inside","inside","2021/22"
"706","MI","GRO","SON",1,"Maavah inside","inside","2021/22"
"707","MI","GRO","SPIL",1,"Maavah inside","inside","2021/22"
"708","MI","PAR","2COLOR",1,"Maavah inside","inside","2021/22"
"709","MI","PAR","3COLOR",4,"Maavah inside","inside","2021/22"
"710","MI","PAR","BLUEBAR",1,"Maavah inside","inside","2021/22"
"711","MI","PAR","DUSKY",37,"Maavah inside","inside","2021/22"
"712","MI","PAR","FRENATUS",2,"Maavah inside","inside","2021/22"
"713","MI","PAR","GFACE",26,"Maavah inside","inside","2021/22"
"714","MI","PAR","SORDID",140,"Maavah inside","inside","2021/22"
"715","MI","SNAP","BLACK",11,"Maavah inside","inside","2021/22"
"716","MI","SNAP","GIB",5,"Maavah inside","inside","2021/22"
"717","MI","SNAP","IND2",1,"Maavah inside","inside","2021/22"
"718","MI","SNAP","MID",1,"Maavah inside","inside","2021/22"
"719","MI","SNAP","RED",6,"Maavah inside","inside","2021/22"
"720","MI","TRIG","STR",24,"Maavah inside","inside","2021/22"
"721","MK","BUT","AUR",8,"Mundoo kandu","channel","2021/22"
"722","MK","BUT","GUT",34,"Mundoo kandu","channel","2021/22"
"723","MK","BUT","LN",5,"Mundoo kandu","channel","2021/22"
"724","MK","BUT","MEY",9,"Mundoo kandu","channel","2021/22"
"725","MK","BUT","PHA",2,"Mundoo kandu","channel","2021/22"
"726","MK","BUT","PYR",2,"Mundoo kandu","channel","2021/22"
"727","MK","BUT","TFT",8,"Mundoo kandu","channel","2021/22"
"728","MK","BUT","XAN",2,"Mundoo kandu","channel","2021/22"
"729","MK","GRO","ALBO",1,"Mundoo kandu","channel","2021/22"
"730","MK","GRO","ARG",48,"Mundoo kandu","channel","2021/22"
"731","MK","GRO","BOE",13,"Mundoo kandu","channel","2021/22"
"732","MK","GRO","FAS",1,"Mundoo kandu","channel","2021/22"
"733","MK","GRO","LEO",4,"Mundoo kandu","channel","2021/22"
"734","MK","GRO","MAC",3,"Mundoo kandu","channel","2021/22"
"735","MK","GRO","MEL",1,"Mundoo kandu","channel","2021/22"
"736","MK","GRO","MIN",2,"Mundoo kandu","channel","2021/22"
"737","MK","GRO","ROG",2,"Mundoo kandu","channel","2021/22"
"738","MK","GRO","ROG ",1,"Mundoo kandu","channel","2021/22"
"739","MK","GRO","SEX",1,"Mundoo kandu","channel","2021/22"
"740","MK","GRO","SPIL",14,"Mundoo kandu","channel","2021/22"
"741","MK","PAR","2 COLOUR",23,"Mundoo kandu","channel","2021/22"
"742","MK","PAR","3 COLOUR",1,"Mundoo kandu","channel","2021/22"
"743","MK","PAR","DUSKY",19,"Mundoo kandu","channel","2021/22"
"744","MK","PAR","GFACE",1,"Mundoo kandu","channel","2021/22"
"745","MK","PAR","L-NOSE",1,"Mundoo kandu","channel","2021/22"
"746","MK","PAR","SORDID",68,"Mundoo kandu","channel","2021/22"
"747","MK","PAR","STEEPHEAD",1,"Mundoo kandu","channel","2021/22"
"748","MK","RAB","SGR",22,"Mundoo kandu","channel","2021/22"
"749","MK","RAB","STR",3,"Mundoo kandu","channel","2021/22"
"750","MK","SNAP","CHEK",1,"Mundoo kandu","channel","2021/22"
"751","MK","SNAP","FUR",3,"Mundoo kandu","channel","2021/22"
"752","MK","SNAP","RED",1,"Mundoo kandu","channel","2021/22"
"753","MK","SNAP ","FUR",1,"Mundoo kandu","channel","2021/22"
"754","MK","T&J","DOGTOOTH TUNA",1,"Mundoo kandu","channel","2021/22"
"755","MK","T&J","LUG",8,"Mundoo kandu","channel","2021/22"
"756","MK","T&J","MEL",9,"Mundoo kandu","channel","2021/22"
"757","MK","TRIG","IND",25,"Mundoo kandu","channel","2021/22"
"758","MK","TRIG","STR",41,"Mundoo kandu","channel","2021/22"
"759","MK","TRIG","SUFB",16,"Mundoo kandu","channel","2021/22"
"760","MO","BUT","CIT",8,"Maavah outside","outside","2021/22"
"761","MO","BUT","COL",3,"Maavah outside","outside","2021/22"
"762","MO","BUT","GUT",5,"Maavah outside","outside","2021/22"
"763","MO","BUT","KLE",10,"Maavah outside","outside","2021/22"
"764","MO","BUT","LN",5,"Maavah outside","outside","2021/22"
"765","MO","BUT","LUN",2,"Maavah outside","outside","2021/22"
"766","MO","BUT","MEY",3,"Maavah outside","outside","2021/22"
"767","MO","BUT","PHA",1,"Maavah outside","outside","2021/22"
"768","MO","EMP","MONO",6,"Maavah outside","outside","2021/22"
"769","MO","GRO","ARG",15,"Maavah outside","outside","2021/22"
"770","MO","GRO","FAS",2,"Maavah outside","outside","2021/22"
"771","MO","GRO","MIN",1,"Maavah outside","outside","2021/22"
"772","MO","GRO","ROG",3,"Maavah outside","outside","2021/22"
"773","MO","GRO","SEX",8,"Maavah outside","outside","2021/22"
"774","MO","PAR","3COLOR",2,"Maavah outside","outside","2021/22"
"775","MO","PAR","GFACE",4,"Maavah outside","outside","2021/22"
"776","MO","PAR","SHEEPHEAD",17,"Maavah outside","outside","2021/22"
"777","MO","PAR","SORDID",18,"Maavah outside","outside","2021/22"
"778","MO","RAB","2COLOR",1,"Maavah outside","outside","2021/22"
"779","MO","RAB","SHEEPHEAD",3,"Maavah outside","outside","2021/22"
"780","MO","RAB","SORDID",1,"Maavah outside","outside","2021/22"
"781","MO","RAB","STR",2,"Maavah outside","outside","2021/22"
"782","MO","SNAP","CHEK",2,"Maavah outside","outside","2021/22"
"783","MO","SNAP","FUL",13,"Maavah outside","outside","2021/22"
"784","MO","SNAP","GIB",400,"Maavah outside","outside","2021/22"
"785","MO","SNAP","MID",50,"Maavah outside","outside","2021/22"
"786","MO","SNAP","RED",7,"Maavah outside","outside","2021/22"
"787","MO","T&J","MEL",1,"Maavah outside","outside","2021/22"
"788","MO","TRIG","IND",17,"Maavah outside","outside","2021/22"
"789","MO","TRIG","STR",4,"Maavah outside","outside","2021/22"
"790","MO","TRIG","SUFB",12,"Maavah outside","outside","2021/22"
"791","MO","TRIG","SUFC",1,"Maavah outside","outside","2021/22"
"792","OC","BUT","AUR",2,"Olhuveli corner","channel","2021/22"
"793","OC","BUT","CIT",9,"Olhuveli corner","channel","2021/22"
"794","OC","BUT","COL",4,"Olhuveli corner","channel","2021/22"
"795","OC","BUT","GUT",11,"Olhuveli corner","channel","2021/22"
"796","OC","BUT","KLE",12,"Olhuveli corner","channel","2021/22"
"797","OC","BUT","LN",1,"Olhuveli corner","channel","2021/22"
"798","OC","BUT","LUN",4,"Olhuveli corner","channel","2021/22"
"799","OC","BUT","MASK",1,"Olhuveli corner","channel","2021/22"
"800","OC","BUT","PHA",1,"Olhuveli corner","channel","2021/22"
"801","OC","BUT","TFT",2,"Olhuveli corner","channel","2021/22"
"802","OC","BUT","XAN",3,"Olhuveli corner","channel","2021/22"
"803","OC","EMP","MONO",1,"Olhuveli corner","channel","2021/22"
"804","OC","GRO","ARG",6,"Olhuveli corner","channel","2021/22"
"805","OC","GRO","LEA",1,"Olhuveli corner","channel","2021/22"
"806","OC","GRO","MEL",1,"Olhuveli corner","channel","2021/22"
"807","OC","GRO","ROG",2,"Olhuveli corner","channel","2021/22"
"808","OC","GRO","SEX",23,"Olhuveli corner","channel","2021/22"
"809","OC","PAR","3COLOR",10,"Olhuveli corner","channel","2021/22"
"810","OC","PAR","BARTAIL",1,"Olhuveli corner","channel","2021/22"
"811","OC","PAR","BLUEBAR",2,"Olhuveli corner","channel","2021/22"
"812","OC","PAR","DUSKY",5,"Olhuveli corner","channel","2021/22"
"813","OC","PAR","ECLIPSE",1,"Olhuveli corner","channel","2021/22"
"814","OC","PAR","EMBER",15,"Olhuveli corner","channel","2021/22"
"815","OC","PAR","FRENATUS",5,"Olhuveli corner","channel","2021/22"
"816","OC","PAR","GFACE",1,"Olhuveli corner","channel","2021/22"
"817","OC","PAR","ROSY",3,"Olhuveli corner","channel","2021/22"
"818","OC","PAR","SCABER",1,"Olhuveli corner","channel","2021/22"
"819","OC","PAR","SHEEPHEAD",5,"Olhuveli corner","channel","2021/22"
"820","OC","PAR","SORDID",4,"Olhuveli corner","channel","2021/22"
"821","OC","SNAP","FUR",1,"Olhuveli corner","channel","2021/22"
"822","OC","SNAP","MID",5,"Olhuveli corner","channel","2021/22"
"823","OC","T&J","MEL",3,"Olhuveli corner","channel","2021/22"
"824","OC","T&J","ORTH",2,"Olhuveli corner","channel","2021/22"
"825","OC","TRIG","CLN",5,"Olhuveli corner","channel","2021/22"
"826","OC","TRIG","IND",6,"Olhuveli corner","channel","2021/22"
"827","OC","TRIG","STR",7,"Olhuveli corner","channel","2021/22"
"828","OC","TRIG","SUFB",11,"Olhuveli corner","channel","2021/22"
"829","OI","BUT","AUR",4,"Olhutholhu inside","inside","2021/22"
"830","OI","BUT","FAL",6,"Olhutholhu inside","inside","2021/22"
"831","OI","BUT","KLE",3,"Olhutholhu inside","inside","2021/22"
"832","OI","BUT","MEY",1,"Olhutholhu inside","inside","2021/22"
"833","OI","BUT","TFT",7,"Olhutholhu inside","inside","2021/22"
"834","OI","BUT","TRI",12,"Olhutholhu inside","inside","2021/22"
"835","OI","GRO","ARE",2,"Olhutholhu inside","inside","2021/22"
"836","OI","GRO","LEA",1,"Olhutholhu inside","inside","2021/22"
"837","OI","GRO","ROG",1,"Olhutholhu inside","inside","2021/22"
"838","OI","PAR","3 COLOR",1,"Olhutholhu inside","inside","2021/22"
"839","OI","PAR","DUSKY",18,"Olhutholhu inside","inside","2021/22"
"840","OI","PAR","EMBER",3,"Olhutholhu inside","inside","2021/22"
"841","OI","PAR","L NOSE",1,"Olhutholhu inside","inside","2021/22"
"842","OI","PAR","ROSY",4,"Olhutholhu inside","inside","2021/22"
"843","OI","PAR","SHEEPHEAD",1,"Olhutholhu inside","inside","2021/22"
"844","OI","PAR","SORDID",40,"Olhutholhu inside","inside","2021/22"
"845","OI","RAB","CHIN",1,"Olhutholhu inside","inside","2021/22"
"846","OI","SNAP","GIB",1,"Olhutholhu inside","inside","2021/22"
"847","OI","SNAP","MONO",4,"Olhutholhu inside","inside","2021/22"
"848","OI","TRIG","STR",2,"Olhutholhu inside","inside","2021/22"
"849","OR","BUT","AUR",1,"Olhuveli reef","inside","2021/22"
"850","OR","BUT","FAL",2,"Olhuveli reef","inside","2021/22"
"851","OR","BUT","LN",2,"Olhuveli reef","inside","2021/22"
"852","OR","BUT","LUN",6,"Olhuveli reef","inside","2021/22"
"853","OR","BUT","MEL",1,"Olhuveli reef","inside","2021/22"
"854","OR","BUT","MEY",4,"Olhuveli reef","inside","2021/22"
"855","OR","BUT","PHA",2,"Olhuveli reef","inside","2021/22"
"856","OR","BUT","TFT",4,"Olhuveli reef","inside","2021/22"
"857","OR","BUT","TRI",3,"Olhuveli reef","inside","2021/22"
"858","OR","BUT","VEGA",1,"Olhuveli reef","inside","2021/22"
"859","OR","BUT","XAN",8,"Olhuveli reef","inside","2021/22"
"860","OR","EMP","AUR",3,"Olhuveli reef","inside","2021/22"
"861","OR","EMP","ERY",1,"Olhuveli reef","inside","2021/22"
"862","OR","EMP","MONO",14,"Olhuveli reef","inside","2021/22"
"863","OR","EMP","OLI",1,"Olhuveli reef","inside","2021/22"
"864","OR","GRO","ARE",2,"Olhuveli reef","inside","2021/22"
"865","OR","GRO","ARG",2,"Olhuveli reef","inside","2021/22"
"866","OR","GRO","COE",3,"Olhuveli reef","inside","2021/22"
"867","OR","GRO","ROG",9,"Olhuveli reef","inside","2021/22"
"868","OR","GRO","SPIL",2,"Olhuveli reef","inside","2021/22"
"869","OR","PAR","BARTAIL",1,"Olhuveli reef","inside","2021/22"
"870","OR","PAR","BLUBAR",1,"Olhuveli reef","inside","2021/22"
"871","OR","PAR","DUSKY",17,"Olhuveli reef","inside","2021/22"
"872","OR","PAR","G FACE",1,"Olhuveli reef","inside","2021/22"
"873","OR","PAR","SHEEPHEAD",5,"Olhuveli reef","inside","2021/22"
"874","OR","PAR","SORDID",21,"Olhuveli reef","inside","2021/22"
"875","OR","PAR","SORID",40,"Olhuveli reef","inside","2021/22"
"876","OR","PAR","SQ",1,"Olhuveli reef","inside","2021/22"
"877","OR","RAB","CHIN",2,"Olhuveli reef","inside","2021/22"
"878","OR","RAB","SCH",1,"Olhuveli reef","inside","2021/22"
"879","OR","SNAP","FUL",2,"Olhuveli reef","inside","2021/22"
"880","OR","SNAP","IND",1,"Olhuveli reef","inside","2021/22"
"881","OR","TRIG","STR",7,"Olhuveli reef","inside","2021/22"
"882","OR","TRIG","SUFB",1,"Olhuveli reef","inside","2021/22"
"883","PT","BUT","COL",2,"Pink thila","thila","2021/22"
"884","PT","BUT","GUT",4,"Pink thila","thila","2021/22"
"885","PT","BUT","KLE",3,"Pink thila","thila","2021/22"
"886","PT","BUT","LN",3,"Pink thila","thila","2021/22"
"887","PT","BUT","MADA",2,"Pink thila","thila","2021/22"
"888","PT","BUT","MEL",3,"Pink thila","thila","2021/22"
"889","PT","BUT","PHA",5,"Pink thila","thila","2021/22"
"890","PT","BUT","TFT",3,"Pink thila","thila","2021/22"
"891","PT","BUT","TRI",7,"Pink thila","thila","2021/22"
"892","PT","BUT","VLN",2,"Pink thila","thila","2021/22"
"893","PT","EMP","MONO",4,"Pink thila","thila","2021/22"
"894","PT","GRO","ARG",4,"Pink thila","thila","2021/22"
"895","PT","GRO","BOE",1,"Pink thila","thila","2021/22"
"896","PT","GRO","LEU",2,"Pink thila","thila","2021/22"
"897","PT","PAR","DUSKY",19,"Pink thila","thila","2021/22"
"898","PT","PAR","EMBER",8,"Pink thila","thila","2021/22"
"899","PT","PAR","SHEEPHEAD",2,"Pink thila","thila","2021/22"
"900","PT","PAR","SORDID",9,"Pink thila","thila","2021/22"
"901","PT","SNAP","FUL",4,"Pink thila","thila","2021/22"
"902","PT","SNAP","IND",2,"Pink thila","thila","2021/22"
"903","PT","SNAP","MONOS",8,"Pink thila","thila","2021/22"
"904","PT","SNAP","RED",1,"Pink thila","thila","2021/22"
"905","PT","T&J","MEL",3,"Pink thila","thila","2021/22"
"906","PT","T&J","ORTH",1,"Pink thila","thila","2021/22"
"907","PT","TRIG","STR",1,"Pink thila","thila","2021/22"
"908","RDH","BUT","AUR",1,"Rahdhashuhaa","thila","2021/22"
"909","RDH","BUT","COL",1,"Rahdhashuhaa","thila","2021/22"
"910","RDH","BUT","FAL",2,"Rahdhashuhaa","thila","2021/22"
"911","RDH","BUT","GUT",13,"Rahdhashuhaa","thila","2021/22"
"912","RDH","BUT","KLE",14,"Rahdhashuhaa","thila","2021/22"
"913","RDH","BUT","LN",10,"Rahdhashuhaa","thila","2021/22"
"914","RDH","BUT","MADA",7,"Rahdhashuhaa","thila","2021/22"
"915","RDH","BUT","MEY",7,"Rahdhashuhaa","thila","2021/22"
"916","RDH","BUT","PYR",1,"Rahdhashuhaa","thila","2021/22"
"917","RDH","BUT","TFT",12,"Rahdhashuhaa","thila","2021/22"
"918","RDH","BUT","TRI",22,"Rahdhashuhaa","thila","2021/22"
"919","RDH","BUT","VLN",6,"Rahdhashuhaa","thila","2021/22"
"920","RDH","BUT","XAN",1,"Rahdhashuhaa","thila","2021/22"
"921","RDH","EMP","AUR",1,"Rahdhashuhaa","thila","2021/22"
"922","RDH","EMP","GIB",2,"Rahdhashuhaa","thila","2021/22"
"923","RDH","EMP","IND2",96,"Rahdhashuhaa","thila","2021/22"
"924","RDH","EMP","KAS",3,"Rahdhashuhaa","thila","2021/22"
"925","RDH","EMP","MONO",24,"Rahdhashuhaa","thila","2021/22"
"926","RDH","GRO","ALBO",5,"Rahdhashuhaa","thila","2021/22"
"927","RDH","GRO","ARE",13,"Rahdhashuhaa","thila","2021/22"
"928","RDH","GRO","ARG",9,"Rahdhashuhaa","thila","2021/22"
"929","RDH","GRO","BOE",1,"Rahdhashuhaa","thila","2021/22"
"930","RDH","GRO","FAS",1,"Rahdhashuhaa","thila","2021/22"
"931","RDH","GRO","LEO",3,"Rahdhashuhaa","thila","2021/22"
"932","RDH","GRO","LEU",3,"Rahdhashuhaa","thila","2021/22"
"933","RDH","GRO","LOU",11,"Rahdhashuhaa","thila","2021/22"
"934","RDH","GRO","MIN",1,"Rahdhashuhaa","thila","2021/22"
"935","RDH","GRO","POL",1,"Rahdhashuhaa","thila","2021/22"
"936","RDH","GRO","ROG",24,"Rahdhashuhaa","thila","2021/22"
"937","RDH","GRO","SEX",14,"Rahdhashuhaa","thila","2021/22"
"938","RDH","PAR","3COLOR",7,"Rahdhashuhaa","thila","2021/22"
"939","RDH","PAR","BLUEBAR",1,"Rahdhashuhaa","thila","2021/22"
"940","RDH","PAR","DUSKY",38,"Rahdhashuhaa","thila","2021/22"
"941","RDH","PAR","ECLIPSE",3,"Rahdhashuhaa","thila","2021/22"
"942","RDH","PAR","ECLISPSE",1,"Rahdhashuhaa","thila","2021/22"
"943","RDH","PAR","FRENATUS",1,"Rahdhashuhaa","thila","2021/22"
"944","RDH","PAR","SCABER",2,"Rahdhashuhaa","thila","2021/22"
"945","RDH","PAR","SORDID",98,"Rahdhashuhaa","thila","2021/22"
"946","RDH","SNAP","IND2",84,"Rahdhashuhaa","thila","2021/22"
"947","RDH","T&J","MEL",41,"Rahdhashuhaa","thila","2021/22"
"948","RDH","TRIG","STR",23,"Rahdhashuhaa","thila","2021/22"
"949","RDH","TRIG","SUFB",11,"Rahdhashuhaa","thila","2021/22"
"950","RI","BUT","AUR",3,"Raha Inside","inside","2021/22"
"951","RI","BUT","GUT",1,"Raha Inside","inside","2021/22"
"952","RI","BUT","KLE",3,"Raha Inside","inside","2021/22"
"953","RI","BUT","LN",1,"Raha Inside","inside","2021/22"
"954","RI","BUT","OXY",1,"Raha Inside","inside","2021/22"
"955","RI","BUT","TFT",26,"Raha Inside","inside","2021/22"
"956","RI","BUT","TRI",13,"Raha Inside","inside","2021/22"
"957","RI","BUT","XAN",1,"Raha Inside","inside","2021/22"
"958","RI","EMP","ERY",1,"Raha Inside","inside","2021/22"
"959","RI","EMP","LMIC",1,"Raha Inside","inside","2021/22"
"960","RI","EMP","MONO",6,"Raha Inside","inside","2021/22"
"961","RI","EMP","XAN",1,"Raha Inside","inside","2021/22"
"962","RI","GRO","ARE",6,"Raha Inside","inside","2021/22"
"963","RI","GRO","ARG",5,"Raha Inside","inside","2021/22"
"964","RI","GRO","COE",2,"Raha Inside","inside","2021/22"
"965","RI","GRO","LEU",2,"Raha Inside","inside","2021/22"
"966","RI","GRO","MER",5,"Raha Inside","inside","2021/22"
"967","RI","GRO","MIN",1,"Raha Inside","inside","2021/22"
"968","RI","GRO","ROG",4,"Raha Inside","inside","2021/22"
"969","RI","PAR","3 COLOR",16,"Raha Inside","inside","2021/22"
"970","RI","PAR","DUSKY",45,"Raha Inside","inside","2021/22"
"971","RI","PAR","ECLIPSE",1,"Raha Inside","inside","2021/22"
"972","RI","PAR","EMBER",4,"Raha Inside","inside","2021/22"
"973","RI","PAR","LNOSE",1,"Raha Inside","inside","2021/22"
"974","RI","PAR","SORDID",67,"Raha Inside","inside","2021/22"
"975","RI","RAB","2COLOR",1,"Raha Inside","inside","2021/22"
"976","RI","RAB","3 COLOR",1,"Raha Inside","inside","2021/22"
"977","RI","RAB","SCH",8,"Raha Inside","inside","2021/22"
"978","RI","RAB","SGR",7,"Raha Inside","inside","2021/22"
"979","RI","RAB","SORDID",1,"Raha Inside","inside","2021/22"
"980","RI","RAB","STR",4,"Raha Inside","inside","2021/22"
"981","RI","SNAP","FUR",2,"Raha Inside","inside","2021/22"
"982","RI","SNAP","IND",1,"Raha Inside","inside","2021/22"
"983","RI","SNAP","KAS",1,"Raha Inside","inside","2021/22"
"984","RI","SNAP","LEA",1,"Raha Inside","inside","2021/22"
"985","RI","SNAP","MID",1,"Raha Inside","inside","2021/22"
"986","RI","SNAP","ROG",1,"Raha Inside","inside","2021/22"
"987","RI","TRIG","STR",17,"Raha Inside","inside","2021/22"
"988","VA","BUT","COL",6,"Vadinolhu kandu","channel","2021/22"
"989","VA","BUT","GUT",14,"Vadinolhu kandu","channel","2021/22"
"990","VA","BUT","KLE",8,"Vadinolhu kandu","channel","2021/22"
"991","VA","BUT","LUN",1,"Vadinolhu kandu","channel","2021/22"
"992","VA","BUT","MEY",1,"Vadinolhu kandu","channel","2021/22"
"993","VA","BUT","XAN",1,"Vadinolhu kandu","channel","2021/22"
"994","VA","EMP","MONO",3,"Vadinolhu kandu","channel","2021/22"
"995","VA","GRO","ARG",3,"Vadinolhu kandu","channel","2021/22"
"996","VA","GRO","BOE",15,"Vadinolhu kandu","channel","2021/22"
"997","VA","GRO","MIN",2,"Vadinolhu kandu","channel","2021/22"
"998","VA","GRO","ROG",5,"Vadinolhu kandu","channel","2021/22"
"999","VA","PAR","2 COLOUR",15,"Vadinolhu kandu","channel","2021/22"
"1000","VA","PAR","3 COLOUR",5,"Vadinolhu kandu","channel","2021/22"
"1001","VA","PAR","BARTAIL",1,"Vadinolhu kandu","channel","2021/22"
"1002","VA","PAR","BLUEBAR",1,"Vadinolhu kandu","channel","2021/22"
"1003","VA","PAR","DUSKY",4,"Vadinolhu kandu","channel","2021/22"
"1004","VA","PAR","L-NOSE",2,"Vadinolhu kandu","channel","2021/22"
"1005","VA","PAR","SCABER",3,"Vadinolhu kandu","channel","2021/22"
"1006","VA","PAR","SORDID",26,"Vadinolhu kandu","channel","2021/22"
"1007","VA","RAB","SCH",9,"Vadinolhu kandu","channel","2021/22"
"1008","VA","RAB","STR",2,"Vadinolhu kandu","channel","2021/22"
"1009","VA","SNAP","RED",3,"Vadinolhu kandu","channel","2021/22"
"1010","VA","T&J","MACA",1,"Vadinolhu kandu","channel","2021/22"
"1011","VA","TRIG","IND",39,"Vadinolhu kandu","channel","2021/22"
"1012","VA","TRIG","RED",4,"Vadinolhu kandu","channel","2021/22"
"1013","VA","TRIG","REDT",68,"Vadinolhu kandu","channel","2021/22"
"1014","VA","TRIG","STR",22,"Vadinolhu kandu","channel","2021/22"
"1015","VA","TRIG","SUFB",13,"Vadinolhu kandu","channel","2021/22"
"1016","VA","TRIG","SUFC",3,"Vadinolhu kandu","channel","2021/22"
"1017","VA","TRIG","SUFF",1,"Vadinolhu kandu","channel","2021/22"
