Surveyors Name,Site,Date,Start Time,End Time,Depth,Replicate No.,Family,Species,Size,Biomass,Reef impacts
AZ,LF,11/08/2021,09:02,09:22,10m,1,NA,NA,NA,NA,TRASH
AZ,LF,11/08/2021,09:02,09:22,10m,1,NA,NA,NA,NA,TRASH
AZ,LF,11/08/2021,09:02,09:22,10m,1,NA,NA,NA,NA,OTHER DAMAGES
AZ,LF,11/08/2021,09:02,09:22,10m,1,NA,NA,NA,NA,OTHER DAMAGES
AZ,LF,11/08/2021,09:02,09:22,10m,1,NA,NA,NA,NA,OTHER DAMAGES
AZ,LF,11/08/2021,11:06,11:27,5m,2,NA,NA,NA,NA,OTHER DAMAGES
AZ,LF,11/08/2021,11:06,11:27,5m,2,NA,NA,NA,NA,OTHER DAMAGES
AZ,LF,11/08/2021,11:06,11:27,5m,2,NA,NA,NA,NA,OTHER DAMAGES
AZ,LF,11/08/2021,10:39,11:04,5m,1,NA,NA,NA,NA,FISHING LINES
AZ,LF,11/08/2021,10:39,11:04,5m,1,NA,NA,NA,NA,FISHING LINES
AZ,LF,11/08/2021,10:39,11:04,5m,1,NA,NA,NA,NA,OTHER DAMAGES
AZ,LF,11/08/2021,10:39,11:04,5m,1,NA,NA,NA,NA,OTHER DAMAGES
AZ,LF,11/08/2021,09:23,09:45,10m,2,NA,NA,NA,NA,FISHING LINES
AZ,LF,11/08/2021,09:23,09:45,10m,2,NA,NA,NA,NA,FISHING LINES
AZ,LF,11/08/2021,09:23,09:45,10m,2,NA,NA,NA,NA,OTHER DAMAGES
AZ,LF,11/08/2021,09:23,09:45,10m,2,NA,NA,NA,NA,OTHER DAMAGES
AZ,LF,11/08/2021,09:23,09:45,10m,2,NA,NA,NA,NA,OTHER DAMAGES
JC,LF,11/08/2021,09:02,09:22,10m,1,NA,NA,NA,NA,TRASH
JC,LF,11/08/2021,09:02,09:22,10m,1,NA,NA,NA,NA,FISHING LINES
JC,LF,11/08/2021,09:02,09:22,10m,1,NA,NA,NA,NA,OTHER DAMAGES
JC,LF,11/08/2021,09:23,09:45,10m,2,NA,NA,NA,NA,FISHING LINES
JC,LF,11/08/2021,10:39,11:04,5m,1,NA,NA,NA,NA,FISHING LINES
AS,OI,10/11/2021,09:33,09:44,10m,1,NA,NA,NA,NA,PREDATION
AS,OI,10/11/2021,09:33,09:44,10m,1,NA,NA,NA,NA,PREDATION
AS,OI,10/11/2021,09:33,09:44,10m,1,NA,NA,NA,NA,PARTLY DEAD
AS,OI,10/11/2021,09:33,09:44,10m,1,NA,NA,NA,NA,PARTLY DEAD
AS,OI,10/11/2021,09:33,09:44,10m,1,NA,NA,NA,NA,PARTLY DEAD
AS,OI,10/11/2021,09:33,09:44,10m,1,NA,NA,NA,NA,PARTLY DEAD
AS,OI,10/11/2021,09:33,09:44,10m,1,NA,NA,NA,NA,PARTLY DEAD
AS,OI,10/11/2021,09:45,09:57,10m,2,NA,NA,NA,NA,ANCHOR DAMAGE
AS,OI,10/11/2021,09:45,09:57,10m,2,NA,NA,NA,NA,PREDATION
AS,OI,10/11/2021,09:45,09:57,10m,2,NA,NA,NA,NA,PREDATION
AS,OI,10/11/2021,09:45,09:57,10m,2,NA,NA,NA,NA,PREDATION
AS,OI,10/11/2021,09:45,09:57,10m,2,NA,NA,NA,NA,WHITE BAND DISEASE
AS,OI,10/11/2021,09:45,09:57,10m,2,NA,NA,NA,NA,WHITE BAND DISEASE
AS,OI,10/11/2021,09:45,09:57,10m,2,NA,NA,NA,NA,WHITE BAND DISEASE
AS,OI,10/11/2021,11:06,11:24,5m,1,NA,NA,NA,NA,OTHER DAMAGES
AS,OI,10/11/2021,11:06,11:24,5m,1,NA,NA,NA,NA,PREDATION
AS,OI,10/11/2021,11:06,11:24,5m,1,NA,NA,NA,NA,PREDATION
AS,OI,10/11/2021,11:06,11:24,5m,1,NA,NA,NA,NA,PREDATION
AS,OI,10/11/2021,11:06,11:24,5m,1,NA,NA,NA,NA,PARTLY DEAD
AS,OI,10/11/2021,11:06,11:24,5m,1,NA,NA,NA,NA,PARTLY DEAD
AS,OI,10/11/2021,11:24,11:40,5m,2,NA,NA,NA,NA,FISHING LINES
AS,OI,10/11/2021,11:24,11:40,5m,2,NA,NA,NA,NA,FISHING LINES
AS,OI,10/11/2021,11:24,11:40,5m,2,NA,NA,NA,NA,ANCHOR DAMAGE
AS,OI,10/11/2021,11:24,11:40,5m,2,NA,NA,NA,NA,PREDATION
AS,OI,10/11/2021,11:24,11:40,5m,2,NA,NA,NA,NA,PREDATION
AS,OI,10/11/2021,11:24,11:40,5m,2,NA,NA,NA,NA,PREDATION
AS,OI,10/11/2021,11:24,11:40,5m,2,NA,NA,NA,NA,PARTLY DEAD
AS,OI,10/11/2021,11:24,11:40,5m,2,NA,NA,NA,NA,PARTLY DEAD
AS,OI,10/11/2021,11:24,11:40,5m,2,NA,NA,NA,NA,PARTLY DEAD
AS,OI,10/11/2021,11:24,11:40,5m,2,NA,NA,NA,NA,PARTLY DEAD
AS,OI,10/11/2021,11:24,11:40,5m,2,NA,NA,NA,NA,PARTLY DEAD
AS,OI,10/11/2021,11:24,11:40,5m,2,NA,NA,NA,NA,PARTLY DEAD
SH,OI,10/11/2021,09:33,09:44,10m,1,NA,NA,NA,NA,ANCHOR DAMAGE
SH,OI,10/11/2021,09:33,09:44,10m,1,NA,NA,NA,NA,DRUPELLA DAMAGE
SH,OI,10/11/2021,09:33,09:44,10m,1,NA,NA,NA,NA,DRUPELLA DAMAGE
SH,OI,10/11/2021,09:33,09:44,10m,1,NA,NA,NA,NA,DRUPELLA DAMAGE
SH,OI,10/11/2021,09:33,09:44,10m,1,NA,NA,NA,NA,SP TISSUE
SH,OI,10/11/2021,09:33,09:44,10m,1,NA,NA,NA,NA,SP TISSUE
SH,OI,10/11/2021,09:33,09:44,10m,1,NA,NA,NA,NA,WHITE BAND DISEASE
SH,OI,10/11/2021,09:45,09:57,10m,2,NA,NA,NA,NA,ANCHOR DAMAGE
SH,OI,10/11/2021,09:45,09:57,10m,2,NA,NA,NA,NA,SP TISSUE
SH,OI,10/11/2021,09:45,09:57,10m,2,NA,NA,NA,NA,SP TISSUE
SH,OI,10/11/2021,09:45,09:57,10m,2,NA,NA,NA,NA,SP TISSUE
SH,OI,10/11/2021,09:45,09:57,10m,2,NA,NA,NA,NA,SP TISSUE
SH,OI,10/11/2021,09:45,09:57,10m,2,NA,NA,NA,NA,SP TISSUE
SH,OI,10/11/2021,09:45,09:57,10m,2,NA,NA,NA,NA,DRUPELLA DAMAGE
SH,OI,10/11/2021,09:45,09:57,10m,2,NA,NA,NA,NA,WHITE BAND DISEASE
SH,OI,10/11/2021,11:06,11:24,5m,1,NA,NA,NA,NA,ANCHOR DAMAGE
SH,OI,10/11/2021,11:06,11:24,5m,1,NA,NA,NA,NA,ANCHOR DAMAGE
SH,OI,10/11/2021,11:06,11:24,5m,1,NA,NA,NA,NA,ANCHOR DAMAGE
SH,OI,10/11/2021,11:06,11:24,5m,1,NA,NA,NA,NA,ANCHOR DAMAGE
SH,OI,10/11/2021,11:06,11:24,5m,1,NA,NA,NA,NA,DRUPELLA DAMAGE
SH,OI,10/11/2021,11:06,11:24,5m,1,NA,NA,NA,NA,DRUPELLA DAMAGE
SH,OI,10/11/2021,11:06,11:24,5m,1,NA,NA,NA,NA,SP TISSUE
SH,OI,10/11/2021,11:24,11:40,5m,2,NA,NA,NA,NA,DRUPELLA DAMAGE
SH,OI,10/11/2021,11:24,11:40,5m,2,NA,NA,NA,NA,DRUPELLA DAMAGE
SH,OI,10/11/2021,11:24,11:40,5m,2,NA,NA,NA,NA,DRUPELLA DAMAGE
SH,OI,10/11/2021,11:24,11:40,5m,2,NA,NA,NA,NA,DRUPELLA DAMAGE
SH,OI,10/11/2021,11:24,11:40,5m,2,NA,NA,NA,NA,DRUPELLA DAMAGE
SH,OI,10/11/2021,11:24,11:40,5m,2,NA,NA,NA,NA,DRUPELLA DAMAGE
SH,OI,10/11/2021,11:24,11:40,5m,2,NA,NA,NA,NA,DRUPELLA DAMAGE
AZ,HI,11/11/2021,13:42,13:58,10m,1,NA,NA,NA,NA,TRASH
AZ,HI,11/11/2021,13:42,13:58,10m,1,NA,NA,NA,NA,TRASH
AZ,HI,11/11/2021,13:42,13:58,10m,1,NA,NA,NA,NA,TRASH
AZ,HI,11/11/2021,13:42,13:58,10m,1,NA,NA,NA,NA,TRASH
AZ,HI,11/11/2021,13:42,13:58,10m,1,NA,NA,NA,NA,TRASH
AZ,HI,11/11/2021,13:42,13:58,10m,1,NA,NA,NA,NA,TRASH
AZ,HI,11/11/2021,13:42,13:58,10m,1,NA,NA,NA,NA,TRASH
AZ,HI,11/11/2021,13:42,13:58,10m,1,NA,NA,NA,NA,TRASH
AZ,HI,11/11/2021,13:42,13:58,10m,1,NA,NA,NA,NA,TRASH
AZ,HI,11/11/2021,13:42,13:58,10m,1,NA,NA,NA,NA,TRASH
AZ,HI,11/11/2021,13:42,13:58,10m,1,NA,NA,NA,NA,TRASH
AZ,HI,11/11/2021,13:42,13:58,10m,1,NA,NA,NA,NA,TRASH
AZ,HI,11/11/2021,13:42,13:58,10m,1,NA,NA,NA,NA,TRASH
AZ,HI,11/11/2021,13:42,13:58,10m,1,NA,NA,NA,NA,TRASH
AZ,HI,11/11/2021,13:42,13:58,10m,1,NA,NA,NA,NA,TRASH
AZ,HI,11/11/2021,13:42,13:58,10m,1,NA,NA,NA,NA,TRASH
AZ,HI,11/11/2021,13:42,13:58,10m,1,NA,NA,NA,NA,TRASH
AZ,HI,11/11/2021,13:42,13:58,10m,1,NA,NA,NA,NA,TRASH
AZ,HI,11/11/2021,13:42,13:58,10m,1,NA,NA,NA,NA,TRASH
AZ,HI,11/11/2021,13:42,13:58,10m,1,NA,NA,NA,NA,TRASH
AZ,HI,11/11/2021,13:42,13:58,10m,1,NA,NA,NA,NA,FISHING LINES
AZ,HI,11/11/2021,13:42,13:58,10m,1,NA,NA,NA,NA,FISHING LINES
AZ,HI,11/11/2021,13:42,13:58,10m,1,NA,NA,NA,NA,FISHING LINES
AZ,HI,11/11/2021,13:42,13:58,10m,1,NA,NA,NA,NA,FISHING LINES
AZ,HI,11/11/2021,13:42,13:58,10m,1,NA,NA,NA,NA,FISHING LINES
AZ,HI,11/11/2021,13:42,13:58,10m,1,NA,NA,NA,NA,FISHING LINES
AZ,HI,11/11/2021,13:42,13:58,10m,1,NA,NA,NA,NA,FISHING LINES
AZ,HI,11/11/2021,13:42,13:58,10m,1,NA,NA,NA,NA,FISHING LINES
AZ,HI,11/11/2021,13:42,13:58,10m,1,NA,NA,NA,NA,FISHING LINES
AZ,HI,11/11/2021,13:42,13:58,10m,1,NA,NA,NA,NA,FISHING LINES
AZ,HI,11/11/2021,13:42,13:58,10m,1,NA,NA,NA,NA,FISHING LINES
AZ,HI,11/11/2021,13:42,13:58,10m,1,NA,NA,NA,NA,POSSIBLE DISEASE/ BACTERIA
AZ,HI,11/11/2021,13:42,13:58,10m,1,NA,NA,NA,NA,PARROT FISH DAMAGE
AZ,HI,11/11/2021,13:59,14:20,10m,2,NA,NA,NA,NA,TRASH
AZ,HI,11/11/2021,13:59,14:20,10m,2,NA,NA,NA,NA,TRASH
AZ,HI,11/11/2021,13:59,14:20,10m,2,NA,NA,NA,NA,TRASH
AZ,HI,11/11/2021,13:59,14:20,10m,2,NA,NA,NA,NA,TRASH
AZ,HI,11/11/2021,13:59,14:20,10m,2,NA,NA,NA,NA,TRASH
AZ,HI,11/11/2021,13:59,14:20,10m,2,NA,NA,NA,NA,TRASH
AZ,HI,11/11/2021,13:59,14:20,10m,2,NA,NA,NA,NA,TRASH
AZ,HI,11/11/2021,13:59,14:20,10m,2,NA,NA,NA,NA,TRASH
AZ,HI,11/11/2021,13:59,14:20,10m,2,NA,NA,NA,NA,FISHING LINES
AZ,HI,11/11/2021,13:59,14:20,10m,2,NA,NA,NA,NA,FISHING LINES
AZ,HI,11/11/2021,13:59,14:20,10m,2,NA,NA,NA,NA,FISHING LINES
AZ,HI,11/11/2021,13:59,14:20,10m,2,NA,NA,NA,NA,FISHING LINES
AZ,HI,11/11/2021,13:59,14:20,10m,2,NA,NA,NA,NA,FISHING LINES
AZ,HI,11/11/2021,13:59,14:20,10m,2,NA,NA,NA,NA,FISHING LINES
AZ,HI,11/11/2021,13:59,14:20,10m,2,NA,NA,NA,NA,FISHING LINES
AZ,HI,11/11/2021,13:59,14:20,10m,2,NA,NA,NA,NA,FISHING LINES
AZ,HI,11/11/2021,13:59,14:20,10m,2,NA,NA,NA,NA,FISHING LINES
AZ,HI,11/11/2021,13:59,14:20,10m,2,NA,NA,NA,NA,FISHING LINES
AZ,HI,11/11/2021,13:59,14:20,10m,2,NA,NA,NA,NA,FISHING LINES
AZ,HI,11/11/2021,13:59,14:20,10m,2,NA,NA,NA,NA,FISHING LINES
AZ,HI,11/11/2021,13:59,14:20,10m,2,NA,NA,NA,NA,FISHING LINES
AZ,HI,11/11/2021,13:59,14:20,10m,2,NA,NA,NA,NA,FISHING LINES
AZ,HI,11/11/2021,13:59,14:20,10m,2,NA,NA,NA,NA,FISHING LINES
AZ,HI,11/11/2021,13:59,14:20,10m,2,NA,NA,NA,NA,FISHING LINES
AZ,HI,11/11/2021,13:59,14:20,10m,2,NA,NA,NA,NA,FISHING LINES
AS,HI,11/11/2021,13:42,13:58,10m,1,NA,NA,NA,NA,TRASH
AS,HI,11/11/2021,13:42,13:58,10m,1,NA,NA,NA,NA,TRASH
AS,HI,11/11/2021,13:42,13:58,10m,1,NA,NA,NA,NA,TRASH
AS,HI,11/11/2021,13:42,13:58,10m,1,NA,NA,NA,NA,TRASH
AS,HI,11/11/2021,13:42,13:58,10m,1,NA,NA,NA,NA,TRASH
AS,HI,11/11/2021,13:59,14:20,10m,2,NA,NA,NA,NA,TRASH
AS,HI,11/11/2021,13:59,14:20,10m,2,NA,NA,NA,NA,TRASH
AS,HI,11/11/2021,13:59,14:20,10m,2,NA,NA,NA,NA,TRASH
AS,HI,11/11/2021,13:59,14:20,10m,2,NA,NA,NA,NA,TRASH
AS,HI,11/11/2021,13:59,14:20,10m,2,NA,NA,NA,NA,FISHING LINES
AS,HI,11/11/2021,13:59,14:20,10m,2,NA,NA,NA,NA,FISHING LINES
AS,HI,11/11/2021,13:59,14:20,10m,2,NA,NA,NA,NA,FISHING LINES
AS,HI,11/11/2021,13:59,14:20,10m,2,NA,NA,NA,NA,FISHING LINES
AS,HI,11/11/2021,13:59,14:20,10m,2,NA,NA,NA,NA,FISHING LINES
AS,HI,11/11/2021,13:59,14:20,10m,2,NA,NA,NA,NA,FISHING LINES
AS,HI,11/11/2021,13:59,14:20,10m,2,NA,NA,NA,NA,FISHING LINES
AS,HI,11/11/2021,13:59,14:20,10m,2,NA,NA,NA,NA,FISHING LINES
AS,HI,11/11/2021,13:59,14:20,10m,2,NA,NA,NA,NA,FISHING LINES
AS,HI,11/11/2021,13:59,14:20,10m,2,NA,NA,NA,NA,FISHING LINES
AS,HI,11/11/2021,13:59,14:20,10m,2,NA,NA,NA,NA,FISHING LINES
AS,HI,11/11/2021,13:59,14:20,10m,2,NA,NA,NA,NA,FISHING LINES
AS,HI,11/11/2021,13:59,14:20,10m,2,NA,NA,NA,NA,FISHING LINES
AS,HI,11/11/2021,13:59,14:20,10m,2,NA,NA,NA,NA,FISHING LINES
AS,HI,11/11/2021,13:59,14:20,10m,2,NA,NA,NA,NA,FISHING LINES
AS,HI,12/11/2021,14:43,15:06,5m,1,NA,NA,NA,NA,TRASH
AS,HI,12/11/2021,14:43,15:06,5m,1,NA,NA,NA,NA,TRASH
AS,HI,12/11/2021,14:43,15:06,5m,1,NA,NA,NA,NA,TRASH
AS,HI,12/11/2021,14:43,15:06,5m,1,NA,NA,NA,NA,TRASH
AS,HI,12/11/2021,14:43,15:06,5m,1,NA,NA,NA,NA,TRASH
AS,HI,12/11/2021,14:43,15:06,5m,1,NA,NA,NA,NA,TRASH
AS,HI,12/11/2021,14:43,15:06,5m,1,NA,NA,NA,NA,TRASH
AS,HI,12/11/2021,14:43,15:06,5m,1,NA,NA,NA,NA,TRASH
AS,HI,12/11/2021,14:43,15:06,5m,1,NA,NA,NA,NA,TRASH
AS,HI,12/11/2021,14:43,15:06,5m,1,NA,NA,NA,NA,TRASH
AS,HI,12/11/2021,14:43,15:06,5m,1,NA,NA,NA,NA,TRASH
AS,HI,12/11/2021,14:43,15:06,5m,1,NA,NA,NA,NA,TRASH
AS,HI,12/11/2021,14:43,15:06,5m,1,NA,NA,NA,NA,TRASH
AS,HI,12/11/2021,14:43,15:06,5m,1,NA,NA,NA,NA,TRASH
AS,HI,12/11/2021,14:43,15:06,5m,1,NA,NA,NA,NA,TRASH
AS,HI,12/11/2021,14:43,15:06,5m,1,NA,NA,NA,NA,TRASH
AS,HI,12/11/2021,14:43,15:06,5m,1,NA,NA,NA,NA,TRASH
AS,HI,12/11/2021,14:43,15:06,5m,1,NA,NA,NA,NA,TRASH
AS,HI,12/11/2021,14:43,15:06,5m,1,NA,NA,NA,NA,TRASH
AS,HI,12/11/2021,14:43,15:06,5m,1,NA,NA,NA,NA,FISHING LINES
AS,HI,12/11/2021,14:43,15:06,5m,1,NA,NA,NA,NA,FISHING LINES
AS,HI,12/11/2021,14:43,15:06,5m,1,NA,NA,NA,NA,FISHING LINES
AS,HI,12/11/2021,14:43,15:06,5m,1,NA,NA,NA,NA,FISHING LINES
AS,HI,12/11/2021,14:43,15:06,5m,1,NA,NA,NA,NA,FISHING LINES
AS,HI,12/11/2021,14:43,15:06,5m,1,NA,NA,NA,NA,FISHING LINES
AS,HI,12/11/2021,14:43,15:06,5m,1,NA,NA,NA,NA,FISHING LINES
AS,HI,12/11/2021,14:43,15:06,5m,1,NA,NA,NA,NA,FISHING LINES
AS,HI,12/11/2021,14:43,15:06,5m,1,NA,NA,NA,NA,DISEASE
AS,HI,12/11/2021,14:43,15:06,5m,1,NA,NA,NA,NA,DISEASE
AS,HI,12/11/2021,14:43,15:06,5m,1,NA,NA,NA,NA,PREDATION
AS,HI,12/11/2021,14:43,15:06,5m,1,NA,NA,NA,NA,PREDATION
AS,HI,12/11/2021,14:43,15:06,5m,1,NA,NA,NA,NA,PREDATION
AS,HI,12/11/2021,14:43,15:06,5m,1,NA,NA,NA,NA,PREDATION
AS,HI,12/11/2021,14:43,15:06,5m,1,NA,NA,NA,NA,PREDATION
AS,HI,12/11/2021,14:43,15:06,5m,1,NA,NA,NA,NA,PREDATION
AS,HI,12/11/2021,14:43,15:06,5m,1,NA,NA,NA,NA,PREDATION
AS,HI,12/11/2021,14:43,15:06,5m,1,NA,NA,NA,NA,PREDATION
AS,HI,12/11/2021,14:43,15:06,5m,1,NA,NA,NA,NA,CORAL BLEACHING
AS,HI,12/11/2021,14:43,15:06,5m,1,NA,NA,NA,NA,CORAL BLEACHING
AS,HI,12/11/2021,15:06,15:27,5m,2,NA,NA,NA,NA,TRASH
AS,HI,12/11/2021,15:06,15:27,5m,2,NA,NA,NA,NA,TRASH
AS,HI,12/11/2021,15:06,15:27,5m,2,NA,NA,NA,NA,TRASH
AS,HI,12/11/2021,15:06,15:27,5m,2,NA,NA,NA,NA,TRASH
AS,HI,12/11/2021,15:06,15:27,5m,2,NA,NA,NA,NA,TRASH
AS,HI,12/11/2021,15:06,15:27,5m,2,NA,NA,NA,NA,TRASH
AS,HI,12/11/2021,15:06,15:27,5m,2,NA,NA,NA,NA,TRASH
AS,HI,12/11/2021,15:06,15:27,5m,2,NA,NA,NA,NA,TRASH
AS,HI,12/11/2021,15:06,15:27,5m,2,NA,NA,NA,NA,TRASH
AS,HI,12/11/2021,15:06,15:27,5m,2,NA,NA,NA,NA,FISHING LINES
AS,HI,12/11/2021,15:06,15:27,5m,2,NA,NA,NA,NA,FISHING LINES
AS,HI,12/11/2021,15:06,15:27,5m,2,NA,NA,NA,NA,FISHING LINES
AS,HI,12/11/2021,15:06,15:27,5m,2,NA,NA,NA,NA,FISHING LINES
AS,HI,12/11/2021,15:06,15:27,5m,2,NA,NA,NA,NA,FISHING LINES
AS,HI,12/11/2021,15:06,15:27,5m,2,NA,NA,NA,NA,FISHING LINES
AS,HI,12/11/2021,15:06,15:27,5m,2,NA,NA,NA,NA,FISHING LINES
AS,HI,12/11/2021,15:06,15:27,5m,2,NA,NA,NA,NA,FISHING LINES
AS,HI,12/11/2021,15:06,15:27,5m,2,NA,NA,NA,NA,FISHING LINES
AS,HI,12/11/2021,15:06,15:27,5m,2,NA,NA,NA,NA,FISHING LINES
AS,HI,12/11/2021,15:06,15:27,5m,2,NA,NA,NA,NA,PREDATION
AS,HI,12/11/2021,15:06,15:27,5m,2,NA,NA,NA,NA,PREDATION
AS,HI,12/11/2021,15:06,15:27,5m,2,NA,NA,NA,NA,PREDATION
AS,HI,12/11/2021,15:06,15:27,5m,2,NA,NA,NA,NA,PREDATION
AS,HI,12/11/2021,15:06,15:27,5m,2,NA,NA,NA,NA,PREDATION
AS,HI,12/11/2021,15:06,15:27,5m,2,NA,NA,NA,NA,PREDATION
AS,HI,12/11/2021,15:06,15:27,5m,2,NA,NA,NA,NA,PARTLY DEAD
AS,HI,12/11/2021,15:06,15:27,5m,2,NA,NA,NA,NA,PARTLY DEAD
AS,HI,12/11/2021,15:06,15:27,5m,2,NA,NA,NA,NA,PARTLY DEAD
AS,HI,12/11/2021,15:06,15:27,5m,2,NA,NA,NA,NA,PARTLY DEAD
JC,HI,12/11/2021,14:43,15:06,5m,1,NA,NA,NA,NA,TRASH
JC,HI,12/11/2021,14:43,15:06,5m,1,NA,NA,NA,NA,TRASH
JC,HI,12/11/2021,14:43,15:06,5m,1,NA,NA,NA,NA,TRASH
JC,HI,12/11/2021,14:43,15:06,5m,1,NA,NA,NA,NA,TRASH
JC,HI,12/11/2021,14:43,15:06,5m,1,NA,NA,NA,NA,TRASH
JC,HI,12/11/2021,14:43,15:06,5m,1,NA,NA,NA,NA,TRASH
JC,HI,12/11/2021,14:43,15:06,5m,1,NA,NA,NA,NA,TRASH
JC,HI,12/11/2021,14:43,15:06,5m,1,NA,NA,NA,NA,TRASH
JC,HI,12/11/2021,14:43,15:06,5m,1,NA,NA,NA,NA,TRASH
JC,HI,12/11/2021,14:43,15:06,5m,1,NA,NA,NA,NA,TRASH
JC,HI,12/11/2021,14:43,15:06,5m,1,NA,NA,NA,NA,TRASH
JC,HI,12/11/2021,14:43,15:06,5m,1,NA,NA,NA,NA,TRASH
JC,HI,12/11/2021,14:43,15:06,5m,1,NA,NA,NA,NA,FISHING LINES
JC,HI,12/11/2021,14:43,15:06,5m,1,NA,NA,NA,NA,FISHING LINES
JC,HI,12/11/2021,14:43,15:06,5m,1,NA,NA,NA,NA,FISHING LINES
JC,HI,12/11/2021,14:43,15:06,5m,1,NA,NA,NA,NA,FISHING LINES
JC,HI,12/11/2021,14:43,15:06,5m,1,NA,NA,NA,NA,FISHING LINES
JC,HI,12/11/2021,14:43,15:06,5m,1,NA,NA,NA,NA,FISHING LINES
JC,HI,12/11/2021,14:43,15:06,5m,1,NA,NA,NA,NA,DISEASE
JC,HI,12/11/2021,14:43,15:06,5m,1,NA,NA,NA,NA,DISEASE
JC,HI,12/11/2021,14:43,15:06,5m,1,NA,NA,NA,NA,DISEASE
JC,HI,12/11/2021,14:43,15:06,5m,1,NA,NA,NA,NA,PREDATION
JC,HI,12/11/2021,15:06,15:27,5m,2,NA,NA,NA,NA,TRASH
JC,HI,12/11/2021,15:06,15:27,5m,2,NA,NA,NA,NA,TRASH
JC,HI,12/11/2021,15:06,15:27,5m,2,NA,NA,NA,NA,TRASH
JC,HI,12/11/2021,15:06,15:27,5m,2,NA,NA,NA,NA,TRASH
JC,HI,12/11/2021,15:06,15:27,5m,2,NA,NA,NA,NA,TRASH
JC,HI,12/11/2021,15:06,15:27,5m,2,NA,NA,NA,NA,TRASH
JC,HI,12/11/2021,15:06,15:27,5m,2,NA,NA,NA,NA,FISHING LINES
JC,HI,12/11/2021,15:06,15:27,5m,2,NA,NA,NA,NA,FISHING LINES
JC,HI,12/11/2021,15:06,15:27,5m,2,NA,NA,NA,NA,FISHING LINES
JC,HI,12/11/2021,15:06,15:27,5m,2,NA,NA,NA,NA,CORAL BLEACHING
JC,HI,12/11/2021,15:06,15:27,5m,2,NA,NA,NA,NA,CORAL BLEACHING
JC,HI,12/11/2021,15:06,15:27,5m,2,NA,NA,NA,NA,DEAD
JC,HI,12/11/2021,15:06,15:27,5m,2,NA,NA,NA,NA,DEAD
JC,HI,12/11/2021,15:06,15:27,5m,2,NA,NA,NA,NA,DEAD
AZ,GI,14/11/2021,08:24,08:41,10m,1,NA,NA,NA,NA,TRASH
AZ,GI,14/11/2021,08:24,08:41,10m,1,NA,NA,NA,NA,SPOTTED DISEASE
AZ,GI,14/11/2021,08:48,09:07,10m,2,NA,NA,NA,NA,TRASH
AZ,GI,14/11/2021,08:48,09:07,10m,2,NA,NA,NA,NA,FISHING LINES
AZ,GI,14/11/2021,09:57,10:17,5m,1,NA,NA,NA,NA,TRASH
AZ,GI,14/11/2021,09:57,10:17,5m,1,NA,NA,NA,NA,SPOTTED DISEASE
AS,GI,14/11/2021,08:25,08:41,10m,1,NA,NA,NA,NA,FISHING LINES
AS,GI,14/11/2021,08:25,08:41,10m,1,NA,NA,NA,NA,SPOTTED DISEASE
AS,GI,14/11/2021,08:25,08:41,10m,1,NA,NA,NA,NA,SPOTTED DISEASE
AS,GI,14/11/2021,08:25,08:41,10m,1,NA,NA,NA,NA,SPOTTED DISEASE
AS,GI,14/11/2021,08:25,08:41,10m,1,NA,NA,NA,NA,SPOTTED DISEASE
AS,GI,14/11/2021,08:25,08:41,10m,1,NA,NA,NA,NA,SPOTTED DISEASE
AS,GI,14/11/2021,08:25,08:41,10m,1,NA,NA,NA,NA,SPOTTED DISEASE
AS,GI,14/11/2021,08:25,08:41,10m,1,NA,NA,NA,NA,SPOTTED DISEASE
AS,GI,14/11/2021,08:25,08:41,10m,1,NA,NA,NA,NA,SPOTTED DISEASE
AS,GI,14/11/2021,08:25,08:41,10m,1,NA,NA,NA,NA,SPOTTED DISEASE
AS,GI,14/11/2021,08:25,08:41,10m,1,NA,NA,NA,NA,SPOTTED DISEASE
AS,GI,14/11/2021,08:25,08:41,10m,1,NA,NA,NA,NA,SPOTTED DISEASE
AS,GI,14/11/2021,08:25,08:41,10m,1,NA,NA,NA,NA,SPOTTED DISEASE
AS,GI,14/11/2021,08:25,08:41,10m,1,NA,NA,NA,NA,SPOTTED DISEASE
AS,GI,14/11/2021,08:52,09:03,10m,2,NA,NA,NA,NA,FISHING LINES
AS,GI,14/11/2021,08:52,09:03,10m,2,NA,NA,NA,NA,FISHING LINES
AS,GI,14/11/2021,08:52,09:03,10m,2,NA,NA,NA,NA,SPOTTED DISEASE
AS,GI,14/11/2021,08:52,09:03,10m,2,NA,NA,NA,NA,SPOTTED DISEASE
AS,GI,14/11/2021,08:52,09:03,10m,2,NA,NA,NA,NA,SPOTTED DISEASE
AS,GI,14/11/2021,08:52,09:03,10m,2,NA,NA,NA,NA,SPOTTED DISEASE
AS,GI,14/11/2021,08:52,09:03,10m,2,NA,NA,NA,NA,SPOTTED DISEASE
AS,GI,14/11/2021,08:52,09:03,10m,2,NA,NA,NA,NA,SPOTTED DISEASE
AS,GI,14/11/2021,08:52,09:03,10m,2,NA,NA,NA,NA,SPOTTED DISEASE
AS,GI,14/11/2021,08:52,09:03,10m,2,NA,NA,NA,NA,SPOTTED DISEASE
AS,GI,14/11/2021,08:52,09:03,10m,2,NA,NA,NA,NA,SPOTTED DISEASE
AS,GI,14/11/2021,08:52,09:03,10m,2,NA,NA,NA,NA,SPOTTED DISEASE
AS,GI,14/11/2021,08:52,09:03,10m,2,NA,NA,NA,NA,SPOTTED DISEASE
AS,GI,14/11/2021,08:52,09:03,10m,2,NA,NA,NA,NA,SPOTTED DISEASE
AS,GI,14/11/2021,08:52,09:03,10m,2,NA,NA,NA,NA,PREDATION
AS,GI,14/11/2021,08:52,09:03,10m,2,NA,NA,NA,NA,PREDATION
AS,GI,14/11/2021,08:52,09:03,10m,2,NA,NA,NA,NA,PARTLY DEAD
AS,GI,14/11/2021,08:52,09:03,10m,2,NA,NA,NA,NA,PARTLY DEAD
AS,GI,14/11/2021,09:57,10:18,5m,1,NA,NA,NA,NA,SPOTTED DISEASE
AS,GI,14/11/2021,09:57,10:18,5m,1,NA,NA,NA,NA,SPOTTED DISEASE
AS,GI,14/11/2021,09:57,10:18,5m,1,NA,NA,NA,NA,SPOTTED DISEASE
AS,GI,14/11/2021,09:57,10:18,5m,1,NA,NA,NA,NA,PARTLY DEAD
AS,GI,14/11/2021,09:57,10:18,5m,1,NA,NA,NA,NA,PARTLY DEAD
AS,GI,14/11/2021,09:57,10:18,5m,1,NA,NA,NA,NA,PARTLY DEAD
AS,GI,14/11/2021,09:57,10:18,5m,1,NA,NA,NA,NA,PREDATION
AS,GI,14/11/2021,10:20,10:36,5m,2,NA,NA,NA,NA,FISHING LINES
AS,GI,14/11/2021,10:20,10:36,5m,2,NA,NA,NA,NA,FISHING LINES
AS,GI,14/11/2021,10:20,10:36,5m,2,NA,NA,NA,NA,SPOTTED DISEASE
AS,GI,14/11/2021,10:20,10:36,5m,2,NA,NA,NA,NA,SPOTTED DISEASE
AS,GI,14/11/2021,10:20,10:36,5m,2,NA,NA,NA,NA,SPOTTED DISEASE
AS,GI,14/11/2021,10:20,10:36,5m,2,NA,NA,NA,NA,SPOTTED DISEASE
AS,GI,14/11/2021,10:20,10:36,5m,2,NA,NA,NA,NA,SPOTTED DISEASE
AS,GI,14/11/2021,10:20,10:36,5m,2,NA,NA,NA,NA,PREDATION
AZ,PT,13/11/2021,14:41,15:09,15m,1,NA,NA,NA,NA,TRIGGER FISH DAMAGE
AZ,PT,13/11/2021,15:09,15:30,15m,2,NA,NA,NA,NA,CORAL BLEACHING
AZ,PT,13/11/2021,15:09,15:30,15m,2,NA,NA,NA,NA,TRIGGER FISH DAMAGE
IY,PT,13/11/2021,14:41,15:10,15m,1,NA,NA,NA,NA,TRASH
IY,PT,13/11/2021,15:32,15:50,15m,2,NA,NA,NA,NA,PARROT FISH DAMAGE
AS,HC,15/11/2021,08:50,09:06,15m,1,NA,NA,NA,NA,TRASH
AS,HC,15/11/2021,08:50,09:06,15m,1,NA,NA,NA,NA,FISHING LINES
AS,HC,15/11/2021,08:50,09:06,15m,1,NA,NA,NA,NA,FISHING LINES
AS,HC,15/11/2021,08:50,09:06,15m,1,NA,NA,NA,NA,FISHING LINES
AS,HC,15/11/2021,08:50,09:06,15m,1,NA,NA,NA,NA,WHITE SPOT
AS,HC,15/11/2021,08:50,09:06,15m,1,NA,NA,NA,NA,WHITE SPOT
AS,HC,15/11/2021,08:50,09:06,15m,1,NA,NA,NA,NA,PARTLY DEAD
AS,HC,15/11/2021,09:06,09:22,15m,2,NA,NA,NA,NA,FISHING LINES
AS,HC,15/11/2021,09:06,09:22,15m,2,NA,NA,NA,NA,FISHING LINES
AS,HC,15/11/2021,09:06,09:22,15m,2,NA,NA,NA,NA,WHITE SPOT
AS,HC,15/11/2021,09:06,09:22,15m,2,NA,NA,NA,NA,PARTLY DEAD
AS,HC,15/11/2021,09:06,09:22,15m,2,NA,NA,NA,NA,PREDATION
AS,HC,15/11/2021,10:32,10:41,10m,1,NA,NA,NA,NA,FISHING LINES
AS,HC,15/11/2021,10:32,10:41,10m,1,NA,NA,NA,NA,FISHING LINES
AS,HC,15/11/2021,10:32,10:41,10m,1,NA,NA,NA,NA,WHITE SPOT
AS,HC,15/11/2021,10:32,10:41,10m,1,NA,NA,NA,NA,PARTLY DEAD
AS,HC,15/11/2021,10:41,10:51,10m,1,NA,NA,NA,NA,PREDATION
AS,HC,15/11/2021,10:41,10:51,10m,2,NA,NA,NA,NA,PREDATION
EC,HC,15/11/2021,08:52,09:10,15m,1,NA,NA,NA,NA,TRASH
EC,HC,15/11/2021,08:52,09:10,15m,1,NA,NA,NA,NA,TRASH
EC,HC,15/11/2021,08:52,09:10,15m,1,NA,NA,NA,NA,FISHING LINES
EC,HC,15/11/2021,08:52,09:10,15m,1,NA,NA,NA,NA,ANCHOR DAMAGE
EC,HC,15/11/2021,08:52,09:10,15m,1,NA,NA,NA,NA,WHITE SPOT
EC,HC,15/11/2021,08:52,09:10,15m,1,NA,NA,NA,NA,WHITE BAND DISEASE
EC,HC,15/11/2021,09:11,09:25,15m,2,NA,NA,NA,NA,COTS/CS DAMAGE
EC,HC,15/11/2021,09:11,09:25,15m,2,NA,NA,NA,NA,COTS/CS DAMAGE
EC,HC,15/11/2021,09:11,09:25,15m,2,NA,NA,NA,NA,FISHING LINES
EC,HC,15/11/2021,09:11,09:25,15m,2,NA,NA,NA,NA,WHITE SPOT
EC,HC,15/11/2021,09:11,09:25,15m,2,NA,NA,NA,NA,WHITE BAND DISEASE
EC,HC,15/11/2021,10:32,10:42,10m,1,NA,NA,NA,NA,TRASH
EC,HC,15/11/2021,10:32,10:42,10m,1,NA,NA,NA,NA,WHITE SPOT
EC,HC,15/11/2021,10:32,10:42,10m,1,NA,NA,NA,NA,PREDATION
EC,HC,15/11/2021,10:43,10:52,10m,2,NA,NA,NA,NA,PREDATION
AZ,OR,17/11/2021,09:13,09:23,10m,1,NA,NA,NA,NA,TRASH
AZ,OR,17/11/2021,09:13,09:23,10m,1,NA,NA,NA,NA,TRASH
AZ,OR,17/11/2021,09:13,09:23,10m,1,NA,NA,NA,NA,TRASH
AZ,OR,17/11/2021,09:23,09:39,10m,2,NA,NA,NA,NA,TRASH
AZ,OR,17/11/2021,09:23,09:39,10m,2,NA,NA,NA,NA,TRASH
AZ,OR,17/11/2021,09:23,09:39,10m,2,NA,NA,NA,NA,TRASH
AZ,OR,17/11/2021,09:23,09:39,10m,2,NA,NA,NA,NA,PINK DOTS
AZ,OR,17/11/2021,10:14,10:28,5m,2,NA,NA,NA,NA,TRASH
AZ,OR,17/11/2021,10:14,10:28,5m,2,NA,NA,NA,NA,FISHING LINES
AZ,OR,17/11/2021,10:14,10:28,5m,2,NA,NA,NA,NA,PREDATION
PR,OR,17/11/2021,09:13,09:23,10m,1,NA,NA,NA,NA,TRASH
PR,OR,17/11/2021,09:13,09:23,10m,1,NA,NA,NA,NA,TRASH
PR,OR,17/11/2021,09:13,09:23,10m,1,NA,NA,NA,NA,TRASH
PR,OR,17/11/2021,09:13,09:23,10m,1,NA,NA,NA,NA,FISHING LINES
PR,OR,17/11/2021,09:24,09:39,10m,2,NA,NA,NA,NA,TRASH
PR,OR,17/11/2021,09:24,09:39,10m,2,NA,NA,NA,NA,TRASH
PR,OR,17/11/2021,09:24,09:39,10m,2,NA,NA,NA,NA,TRASH
PR,OR,17/11/2021,09:24,09:39,10m,2,NA,NA,NA,NA,TRASH
PR,OR,17/11/2021,09:24,09:39,10m,2,NA,NA,NA,NA,TRASH
PR,OR,17/11/2021,09:24,09:39,10m,2,NA,NA,NA,NA,TRASH
PR,OR,17/11/2021,09:24,09:39,10m,2,NA,NA,NA,NA,TRASH
PR,OR,17/11/2021,09:24,09:39,10m,2,NA,NA,NA,NA,TRASH
PR,OR,17/11/2021,09:24,09:39,10m,2,NA,NA,NA,NA,BACTERIA DAMAGE
PR,OR,17/11/2021,10:00,10:13,5m,1,NA,NA,NA,NA,TRASH
PR,OR,17/11/2021,10:00,10:13,5m,1,NA,NA,NA,NA,FISHING LINES
PR,OR,17/11/2021,10:00,10:13,5m,1,NA,NA,NA,NA,COTS/CS DAMAGE
PR,OR,17/11/2021,10:14,10:25,5m,2,NA,NA,NA,NA,TRASH
AS,GC,19/11/2021,15:14,15:25,10m,1,NA,NA,NA,NA,COTS/CS DAMAGE
AS,GC,19/11/2021,15:14,15:25,10m,1,NA,NA,NA,NA,COTS/CS DAMAGE
AS,GC,19/11/2021,15:14,15:25,10m,1,NA,NA,NA,NA,COTS/CS DAMAGE
AS,GC,19/11/2021,15:14,15:25,10m,1,NA,NA,NA,NA,FISHING LINES
AS,GC,19/11/2021,15:14,15:25,10m,1,NA,NA,NA,NA,FISHING LINES
AS,GC,19/11/2021,15:14,15:25,10m,1,NA,NA,NA,NA,FISHING LINES
AS,GC,19/11/2021,15:14,15:25,10m,1,NA,NA,NA,NA,WHITE SPOT
AS,GC,19/11/2021,15:14,15:25,10m,1,NA,NA,NA,NA,WHITE SPOT
AS,GC,19/11/2021,15:14,15:25,10m,1,NA,NA,NA,NA,PREDATION
AS,GC,19/11/2021,15:14,15:25,10m,1,NA,NA,NA,NA,PREDATION
AS,GC,19/11/2021,15:14,15:25,10m,1,NA,NA,NA,NA,PREDATION
AS,GC,19/11/2021,15:14,15:25,10m,1,NA,NA,NA,NA,PREDATION
AS,GC,19/11/2021,15:14,15:25,10m,1,NA,NA,NA,NA,PREDATION
AS,GC,19/11/2021,15:14,15:25,10m,1,NA,NA,NA,NA,PREDATION
AS,GC,19/11/2021,15:31,15:41,10m,2,NA,NA,NA,NA,COTS/CS DAMAGE
AS,GC,19/11/2021,15:31,15:41,10m,2,NA,NA,NA,NA,COTS/CS DAMAGE
AS,GC,19/11/2021,15:31,15:41,10m,2,NA,NA,NA,NA,COTS/CS DAMAGE
AS,GC,19/11/2021,15:31,15:41,10m,2,NA,NA,NA,NA,COTS/CS DAMAGE
AS,GC,19/11/2021,15:31,15:41,10m,2,NA,NA,NA,NA,COTS/CS DAMAGE
AS,GC,19/11/2021,15:31,15:41,10m,2,NA,NA,NA,NA,COTS/CS DAMAGE
AS,GC,19/11/2021,15:31,15:41,10m,2,NA,NA,NA,NA,WHITE SPOT
AS,GC,19/11/2021,15:31,15:41,10m,2,NA,NA,NA,NA,PREDATION
AS,GC,19/11/2021,15:31,15:41,10m,2,NA,NA,NA,NA,PREDATION
AS,GC,19/11/2021,15:31,15:41,10m,2,NA,NA,NA,NA,PREDATION
MS,GC,18/01/2022,08:50,09:00,15m,1,NA,NA,NA,NA,FISHING LINES
MS,GC,18/01/2022,08:50,09:00,15m,1,NA,NA,NA,NA,FISHING LINES
MS,GC,18/01/2022,09:01,09:18,15m,2,NA,NA,NA,NA,FISHING LINES
MS,GC,18/01/2022,09:01,09:18,15m,2,NA,NA,NA,NA,FISHING LINES
EC,GO,18/11/2021,09:40,09:50,10m,1,NA,NA,NA,NA,WHITE SPOT
EC,GO,18/11/2021,09:51,10:00,10m,2,NA,NA,NA,NA,WHITE SPOT
AS,GO,18/11/2021,09:41,09:50,10m,1,NA,NA,NA,NA,FISHING LINES
AS,GO,18/11/2021,09:41,09:50,10m,1,NA,NA,NA,NA,PREDATION
AS,GO,18/11/2021,09:50,10:00,10m,2,NA,NA,NA,NA,PREDATION
AS,GO,18/11/2021,09:50,10:00,10m,2,NA,NA,NA,NA,PREDATION
AS,GO,18/11/2021,09:50,10:00,10m,2,NA,NA,NA,NA,PREDATION
AS,GO,18/11/2021,11:13,11:14,15m,1,NA,NA,NA,NA,PREDATION
AS,GO,18/11/2021,11:13,11:14,15m,1,NA,NA,NA,NA,PREDATION
AS,GO,18/11/2021,11:15,11:26,15m,2,NA,NA,NA,NA,ANCHOR DAMAGE
AS,GO,18/11/2021,11:15,11:26,15m,2,NA,NA,NA,NA,PREDATION
AS,GO,18/11/2021,11:15,11:26,15m,2,NA,NA,NA,NA,PREDATION
AS,HW,22/11/2021,14:43,15:53,15m,1,NA,NA,NA,NA,FISHING LINES
AS,HW,22/11/2021,14:43,15:53,15m,1,NA,NA,NA,NA,FISHING LINES
AS,HW,22/11/2021,14:43,15:53,15m,1,NA,NA,NA,NA,PREDATION
AS,HW,22/11/2021,14:43,15:53,15m,1,NA,NA,NA,NA,PREDATION
AS,HW,22/11/2021,15:55,16:08,15m,2,NA,NA,NA,NA,PREDATION
AS,HW,22/11/2021,15:55,16:08,15m,2,NA,NA,NA,NA,PREDATION
AS,HW,22/11/2021,15:55,16:08,15m,2,NA,NA,NA,NA,PREDATION
AZ,HW,22/11/2021,14:43,14:54,15m,1,NA,NA,NA,NA,PARROT FISH DAMAGE
AZ,HW,22/11/2021,14:43,14:54,15m,1,NA,NA,NA,NA,PARROT FISH DAMAGE
AZ,HW,22/11/2021,14:43,14:54,15m,1,NA,NA,NA,NA,PARROT FISH DAMAGE
AZ,HW,22/11/2021,14:43,14:54,15m,1,NA,NA,NA,NA,CORAL BLEACHING
AZ,HW,22/11/2021,14:54,15:06,15m,2,NA,NA,NA,NA,PARROT FISH DAMAGE
AZ,HW,22/11/2021,14:54,15:06,15m,2,NA,NA,NA,NA,PARROT FISH DAMAGE
AZ,HW,22/11/2021,14:54,15:06,15m,2,NA,NA,NA,NA,PARROT FISH DAMAGE
AZ,HW,22/11/2021,14:54,15:06,15m,2,NA,NA,NA,NA,PARROT FISH DAMAGE
AZ,HW,22/11/2021,14:54,15:06,15m,2,NA,NA,NA,NA,PARROT FISH DAMAGE
AZ,HW,22/11/2021,14:54,15:06,15m,2,NA,NA,NA,NA,PARROT FISH DAMAGE
AZ,HW,22/11/2021,14:54,15:06,15m,2,NA,NA,NA,NA,PARROT FISH DAMAGE
AZ,HW,22/11/2021,14:54,15:06,15m,2,NA,NA,NA,NA,PARROT FISH DAMAGE
AZ,HW,22/11/2021,14:54,15:06,15m,2,NA,NA,NA,NA,PARROT FISH DAMAGE
AZ,HW,22/11/2021,14:54,15:06,15m,2,NA,NA,NA,NA,PARROT FISH DAMAGE
JC,HW,26/11/2021,14:50,15:03,10m,1,NA,NA,NA,NA,FISHING LINES
JC,HW,26/11/2021,14:50,15:03,10m,1,NA,NA,NA,NA,FISHING LINES
JC,HW,26/11/2021,15:04,15:17,10m,2,NA,NA,NA,NA,FISHING LINES
AS,HW,26/11/2021,14:50,15:03,10m,1,NA,NA,NA,NA,PREDATION
MS,RDH,06/03/2022,08:27,08:43,15m,1,NA,NA,NA,NA,COTS/CS DAMAGE
MS,RDH,06/03/2022,08:27,08:43,15m,1,NA,NA,NA,NA,COTS/CS DAMAGE
MS,RDH,06/03/2022,08:27,08:43,15m,1,NA,NA,NA,NA,COTS/CS DAMAGE
MS,RDH,06/03/2022,08:27,08:43,15m,1,NA,NA,NA,NA,COTS/CS DAMAGE
MS,RDH,06/03/2022,08:27,08:43,15m,1,NA,NA,NA,NA,COTS/CS DAMAGE
MS,RDH,06/03/2022,08:27,08:43,15m,1,NA,NA,NA,NA,COTS/CS DAMAGE
MS,RDH,06/03/2022,08:27,08:43,15m,1,NA,NA,NA,NA,COTS/CS DAMAGE
MS,RDH,06/03/2022,08:27,08:43,15m,1,NA,NA,NA,NA,COTS/CS DAMAGE
MS,RDH,06/03/2022,08:27,08:43,15m,1,NA,NA,NA,NA,COTS/CS DAMAGE
MS,RDH,06/03/2022,08:27,08:43,15m,1,NA,NA,NA,NA,COTS/CS DAMAGE
EC,RDH,27/11/2021,15:56,16:21,10m,2,NA,NA,NA,NA,COTS/CS DAMAGE
EC,RDH,27/11/2021,15:56,16:21,10m,2,NA,NA,NA,NA,FISHING LINES
EC,RDH,27/11/2021,15:56,16:21,10m,2,NA,NA,NA,NA,FISHING LINES
EC,RDH,27/11/2021,15:56,16:21,10m,2,NA,NA,NA,NA,WHITE SPOT
EC,RDH,27/11/2021,15:38,15:55,10m,1,NA,NA,NA,NA,COTS/CS DAMAGE
EC,RDH,27/11/2021,15:38,15:55,10m,1,NA,NA,NA,NA,COTS/CS DAMAGE
EC,RDH,27/11/2021,15:38,15:55,10m,1,NA,NA,NA,NA,ANCHOR DAMAGE
MS,RDH,27/11/2021,15:35,15:52,10m,1,NA,NA,NA,NA,COTS/CS DAMAGE
MS,RDH,27/11/2021,15:35,15:52,10m,1,NA,NA,NA,NA,COTS/CS DAMAGE
MS,RDH,27/11/2021,15:35,15:52,10m,1,NA,NA,NA,NA,COTS/CS DAMAGE
MS,RDH,27/11/2021,15:35,15:52,10m,1,NA,NA,NA,NA,COTS/CS DAMAGE
MS,RDH,27/11/2021,15:35,15:52,10m,1,NA,NA,NA,NA,COTS/CS DAMAGE
MS,RDH,27/11/2021,15:35,15:52,10m,1,NA,NA,NA,NA,COTS/CS DAMAGE
MS,RDH,27/11/2021,15:35,15:52,10m,1,NA,NA,NA,NA,ANCHOR DAMAGE
AS,HH,02/12/2021,08:37,08:49,10m,1,NA,NA,NA,NA,COTS/CS DAMAGE
AS,HH,02/12/2021,08:37,08:49,10m,1,NA,NA,NA,NA,COTS/CS DAMAGE
AS,HH,02/12/2021,08:37,08:49,10m,1,NA,NA,NA,NA,FISHING LINES
AS,HH,02/12/2021,08:37,08:49,10m,1,NA,NA,NA,NA,FISHING LINES
AS,HH,02/12/2021,08:37,08:49,10m,1,NA,NA,NA,NA,ANCHOR DAMAGE
AS,HH,02/12/2021,08:37,08:49,10m,1,NA,NA,NA,NA,OTHER DAMAGES
AS,HH,02/12/2021,08:37,08:49,10m,1,NA,NA,NA,NA,OTHER DAMAGES
AS,HH,02/12/2021,08:51,09:09,10m,2,NA,NA,NA,NA,COTS/CS DAMAGE
AS,HH,02/12/2021,08:51,09:09,10m,2,NA,NA,NA,NA,FISHING LINES
AS,HH,02/12/2021,08:51,09:09,10m,2,NA,NA,NA,NA,FISHING LINES
AS,HH,02/12/2021,08:51,09:09,10m,2,NA,NA,NA,NA,OTHER DAMAGES
AS,HH,02/12/2021,08:51,09:09,10m,2,NA,NA,NA,NA,OTHER DAMAGES
AS,HH,02/12/2021,08:51,09:09,10m,2,NA,NA,NA,NA,OTHER DAMAGES
AS,HH,02/12/2021,10:04,10:24,5m,1,NA,NA,NA,NA,OTHER DAMAGES
AS,HH,02/12/2021,10:04,10:24,5m,1,NA,NA,NA,NA,OTHER DAMAGES
AS,HH,02/12/2021,10:04,10:24,5m,1,NA,NA,NA,NA,OTHER DAMAGES
AS,HH,02/12/2021,10:04,10:24,5m,1,NA,NA,NA,NA,OTHER DAMAGES
AS,HH,02/12/2021,10:25,10:43,5m,2,NA,NA,NA,NA,OTHER DAMAGES
AS,HH,02/12/2021,10:25,10:43,5m,2,NA,NA,NA,NA,OTHER DAMAGES
MS,OC,09/12/2021,08:24,08:33,15m,1,NA,NA,NA,NA,COTS/CS DAMAGE
MS,OC,09/12/2021,09:58,10:12,10m,1,NA,NA,NA,NA,FISHING LINES
AS,OC,09/12/2021,08:23,08:33,15m,1,NA,NA,NA,NA,OTHER DAMAGES
AS,OC,09/12/2021,08:23,08:33,15m,1,NA,NA,NA,NA,COTS/CS DAMAGE
AS,OC,09/12/2021,08:23,08:33,15m,1,NA,NA,NA,NA,COTS/CS DAMAGE
AS,OC,09/12/2021,08:23,08:33,15m,1,NA,NA,NA,NA,FISHING LINES
AS,OC,09/12/2021,08:23,08:33,15m,1,NA,NA,NA,NA,FISHING LINES
AS,OC,09/12/2021,08:23,08:33,15m,1,NA,NA,NA,NA,ANCHOR DAMAGE
AS,OC,09/12/2021,08:33,08:46,15m,2,NA,NA,NA,NA,COTS/CS DAMAGE
AS,OC,09/12/2021,08:33,08:46,15m,2,NA,NA,NA,NA,FISHING LINES
AS,OC,09/12/2021,08:33,08:46,15m,2,NA,NA,NA,NA,FISHING LINES
AS,OC,09/12/2021,08:33,08:46,15m,2,NA,NA,NA,NA,ANCHOR DAMAGE
AS,OC,09/12/2021,08:33,08:46,15m,2,NA,NA,NA,NA,OTHER DAMAGES
AS,OC,09/12/2021,08:33,08:46,15m,2,NA,NA,NA,NA,OTHER DAMAGES
AS,OC,09/12/2021,09:58,10:12,10m,1,NA,NA,NA,NA,WHITE SPOT
AS,OC,09/12/2021,09:58,10:12,10m,1,NA,NA,NA,NA,WHITE SPOT
AS,OC,09/12/2021,09:58,10:12,10m,1,NA,NA,NA,NA,SPOT BLEACHING
AS,OC,09/12/2021,09:58,10:12,10m,1,NA,NA,NA,NA,SPOT BLEACHING
AS,OC,09/12/2021,09:58,10:12,10m,1,NA,NA,NA,NA,COTS/CS DAMAGE
AS,OC,09/12/2021,09:58,10:12,10m,1,NA,NA,NA,NA,OTHER DAMAGES
AS,OC,09/12/2021,09:58,10:12,10m,1,NA,NA,NA,NA,OTHER DAMAGES
MS,MI,08/03/2021,09:01,09:13,10m,1,NA,NA,NA,NA,TRASH
MS,MI,08/03/2021,09:01,09:13,10m,1,NA,NA,NA,NA,TRASH
MS,MI,08/03/2021,09:01,09:13,10m,1,NA,NA,NA,NA,TRASH
MS,MI,08/03/2021,09:01,09:13,10m,1,NA,NA,NA,NA,TRASH
MS,MI,08/03/2021,09:01,09:13,10m,1,NA,NA,NA,NA,TRASH
MS,MI,08/03/2021,09:01,09:13,10m,1,NA,NA,NA,NA,TRASH
MS,MI,08/03/2021,09:01,09:13,10m,1,NA,NA,NA,NA,TRASH
MS,MI,08/03/2021,09:01,09:13,10m,1,NA,NA,NA,NA,FISHING LINES
MS,MI,08/03/2021,09:14,09:26,10m,2,NA,NA,NA,NA,TRASH
MS,MI,08/03/2021,09:14,09:26,10m,2,NA,NA,NA,NA,TRASH
MS,MI,08/03/2021,09:14,09:26,10m,2,NA,NA,NA,NA,TRASH
MS,MI,08/03/2021,09:14,09:26,10m,2,NA,NA,NA,NA,TRASH
MS,MI,08/03/2021,09:14,09:26,10m,2,NA,NA,NA,NA,FISHING LINES
MS,MI,08/03/2021,10:10,10:24,5m,1,NA,NA,NA,NA,TRASH
MS,MI,08/03/2021,10:10,10:24,5m,1,NA,NA,NA,NA,TRASH
MS,MI,08/03/2021,10:10,10:24,5m,1,NA,NA,NA,NA,TRASH
MS,MI,08/03/2021,10:10,10:24,5m,1,NA,NA,NA,NA,TRASH
MS,MI,08/03/2021,10:10,10:24,5m,1,NA,NA,NA,NA,TRASH
MS,MI,08/03/2021,10:10,10:24,5m,1,NA,NA,NA,NA,TRASH
MS,MI,08/03/2021,10:10,10:24,5m,1,NA,NA,NA,NA,TRASH
MS,MI,08/03/2021,10:10,10:24,5m,1,NA,NA,NA,NA,TRASH
MS,MI,08/03/2021,10:10,10:24,5m,1,NA,NA,NA,NA,FISHING LINES
MS,MI,08/03/2021,10:24,10:35,5m,2,NA,NA,NA,NA,TRASH
MS,MI,08/03/2021,10:24,10:35,5m,2,NA,NA,NA,NA,TRASH
MS,MI,08/03/2021,10:24,10:35,5m,2,NA,NA,NA,NA,TRASH
MS,MI,08/03/2021,10:24,10:35,5m,2,NA,NA,NA,NA,TRASH
MS,MI,08/03/2021,10:24,10:35,5m,2,NA,NA,NA,NA,TRASH
MS,MI,08/03/2021,10:24,10:35,5m,2,NA,NA,NA,NA,TRASH
MS,MI,08/03/2021,10:24,10:35,5m,2,NA,NA,NA,NA,TRASH
MS,MI,08/03/2021,10:24,10:35,5m,2,NA,NA,NA,NA,TRASH
MF,BI,13/04/2022,15:16,16:05,10m,1,NA,NA,NA,NA,COTS/CS DAMAGE
MF,BI,13/04/2022,15:16,16:05,10m,1,NA,NA,NA,NA,COTS/CS DAMAGE
MF,BI,13/04/2022,15:16,16:05,10m,1,NA,NA,NA,NA,COTS/CS DAMAGE
MF,BI,13/04/2022,15:16,16:05,10m,1,NA,NA,NA,NA,COTS/CS DAMAGE
MF,BI,13/04/2022,15:16,16:05,10m,1,NA,NA,NA,NA,COTS/CS DAMAGE
MF,BI,13/04/2022,15:16,16:05,10m,1,NA,NA,NA,NA,TRASH
MF,BI,13/04/2022,15:16,16:05,10m,1,NA,NA,NA,NA,TRASH
MF,BI,13/04/2022,15:16,16:05,10m,1,NA,NA,NA,NA,CORAL BLEACHING
MF,BI,13/04/2022,15:16,16:05,10m,2,NA,NA,NA,NA,COTS/CS DAMAGE
MF,BI,13/04/2022,15:16,16:05,10m,2,NA,NA,NA,NA,COTS/CS DAMAGE
MF,BI,13/04/2022,15:16,16:05,10m,2,NA,NA,NA,NA,COTS/CS DAMAGE
MF,BI,13/04/2022,15:16,16:05,10m,2,NA,NA,NA,NA,TRASH
MF,BI,13/04/2022,15:16,16:05,10m,2,NA,NA,NA,NA,DRUPELLA DAMAGE
MF,BI,13/04/2022,15:16,16:05,10m,2,NA,NA,NA,NA,DRUPELLA DAMAGE
MF,BI,13/04/2022,15:16,16:05,10m,2,NA,NA,NA,NA,DRUPELLA DAMAGE
MF,BI,13/04/2022,15:16,16:05,10m,2,NA,NA,NA,NA,DRUPELLA DAMAGE
MF,BI,13/04/2022,15:16,16:05,10m,2,NA,NA,NA,NA,DRUPELLA DAMAGE
MF,BI,13/04/2022,15:16,16:05,10m,2,NA,NA,NA,NA,DRUPELLA DAMAGE
MF,BI,13/04/2022,15:16,16:05,10m,2,NA,NA,NA,NA,DRUPELLA DAMAGE
MF,BI,13/04/2022,15:16,16:05,10m,2,NA,NA,NA,NA,DRUPELLA DAMAGE
MF,BI,13/04/2022,16:57,17:53,5m,1,NA,NA,NA,NA,CORAL BLEACHING
MF,BI,13/04/2022,16:57,17:53,5m,1,NA,NA,NA,NA,COTS/CS DAMAGE
MF,BI,13/04/2022,16:57,17:53,5m,1,NA,NA,NA,NA,COTS/CS DAMAGE
MF,BI,13/04/2022,16:57,17:53,5m,1,NA,NA,NA,NA,DRUPELLA DAMAGE
MF,BI,13/04/2022,16:57,17:53,5m,1,NA,NA,NA,NA,DRUPELLA DAMAGE
MF,BI,13/04/2022,16:57,17:53,5m,1,NA,NA,NA,NA,DRUPELLA DAMAGE
MF,BI,13/04/2022,16:57,17:53,5m,1,NA,NA,NA,NA,DRUPELLA DAMAGE
MF,BI,13/04/2022,16:57,17:53,5m,1,NA,NA,NA,NA,DRUPELLA DAMAGE
MF,BI,13/04/2022,16:57,17:53,5m,1,NA,NA,NA,NA,DRUPELLA DAMAGE
MF,BI,13/04/2022,16:57,17:53,5m,1,NA,NA,NA,NA,DRUPELLA DAMAGE
MF,BI,13/04/2022,16:57,17:53,5m,1,NA,NA,NA,NA,DRUPELLA DAMAGE
MF,BI,13/04/2022,16:57,17:53,5m,1,NA,NA,NA,NA,CORAL BLEACHING
MF,BI,13/04/2022,16:57,17:53,5m,2,NA,NA,NA,NA,COTS/CS DAMAGE
MF,BI,13/04/2022,16:57,17:53,5m,2,NA,NA,NA,NA,COTS/CS DAMAGE
MF,BI,13/04/2022,16:57,17:53,5m,2,NA,NA,NA,NA,TRASH
MF,BI,13/04/2022,16:57,17:53,5m,2,NA,NA,NA,NA,TRASH
MF,BI,13/04/2022,16:57,17:53,5m,2,NA,NA,NA,NA,DRUPELLA DAMAGE
MF,BI,13/04/2022,16:57,17:53,5m,2,NA,NA,NA,NA,DRUPELLA DAMAGE
MF,BI,13/04/2022,16:57,17:53,5m,2,NA,NA,NA,NA,DRUPELLA DAMAGE
MF,BI,13/04/2022,16:57,17:53,5m,2,NA,NA,NA,NA,DRUPELLA DAMAGE
MF,BI,13/04/2022,16:57,17:53,5m,2,NA,NA,NA,NA,DRUPELLA DAMAGE
MF,BI,13/04/2022,16:57,17:53,5m,2,NA,NA,NA,NA,DRUPELLA DAMAGE
MF,BI,13/04/2022,16:57,17:53,5m,2,NA,NA,NA,NA,DRUPELLA DAMAGE
MF,BI,13/04/2022,16:57,17:53,5m,2,NA,NA,NA,NA,DRUPELLA DAMAGE
MF,BI,13/04/2022,16:57,17:53,5m,2,NA,NA,NA,NA,DRUPELLA DAMAGE
MF,BI,13/04/2022,16:57,17:53,5m,2,NA,NA,NA,NA,CORAL BLEACHING
KT,BI,13/04/2022,15:16,16:05,10m,1,NA,NA,NA,NA,COTS/CS DAMAGE
KT,BI,13/04/2022,15:16,16:05,10m,1,NA,NA,NA,NA,COTS/CS DAMAGE
KT,BI,13/04/2022,15:16,16:05,10m,1,NA,NA,NA,NA,COTS/CS DAMAGE
KT,BI,13/04/2022,15:16,16:05,10m,1,NA,NA,NA,NA,COTS/CS DAMAGE
KT,BI,13/04/2022,15:16,16:05,10m,1,NA,NA,NA,NA,COTS/CS DAMAGE
KT,BI,13/04/2022,15:16,16:05,10m,1,NA,NA,NA,NA,DRUPELLA DAMAGE
KT,BI,13/04/2022,15:16,16:05,10m,1,NA,NA,NA,NA,CORAL BLEACHING
KT,BI,13/04/2022,15:16,16:05,10m,2,NA,NA,NA,NA,COTS/CS DAMAGE
KT,BI,13/04/2022,15:16,16:05,10m,2,NA,NA,NA,NA,COTS/CS DAMAGE
KT,BI,13/04/2022,15:16,16:05,10m,2,NA,NA,NA,NA,COTS/CS DAMAGE
KT,BI,13/04/2022,15:16,16:05,10m,2,NA,NA,NA,NA,FISHING LINES
KT,BI,13/04/2022,15:16,16:05,10m,2,NA,NA,NA,NA,CORAL BLEACHING
KT,BI,13/04/2022,16:57,17:53,5m,1,NA,NA,NA,NA,COTS/CS DAMAGE
KT,BI,13/04/2022,16:57,17:53,5m,1,NA,NA,NA,NA,COTS/CS DAMAGE
KT,BI,13/04/2022,16:57,17:53,5m,1,NA,NA,NA,NA,COTS/CS DAMAGE
KT,BI,13/04/2022,16:57,17:53,5m,1,NA,NA,NA,NA,COTS/CS DAMAGE
KT,BI,13/04/2022,16:57,17:53,5m,1,NA,NA,NA,NA,COTS/CS DAMAGE
KT,BI,13/04/2022,16:57,17:53,5m,1,NA,NA,NA,NA,FISHING LINES
KT,BI,13/04/2022,16:57,17:53,5m,1,NA,NA,NA,NA,CORAL BLEACHING
KT,BI,13/04/2022,16:57,17:53,5m,2,NA,NA,NA,NA,COTS/CS DAMAGE
KT,BI,13/04/2022,16:57,17:53,5m,2,NA,NA,NA,NA,COTS/CS DAMAGE
KT,BI,13/04/2022,16:57,17:53,5m,2,NA,NA,NA,NA,COTS/CS DAMAGE
KT,BI,13/04/2022,16:57,17:53,5m,2,NA,NA,NA,NA,COTS/CS DAMAGE
KT,BI,13/04/2022,16:57,17:53,5m,2,NA,NA,NA,NA,DRUPELLA DAMAGE
KT,BI,13/04/2022,16:57,17:53,5m,2,NA,NA,NA,NA,DRUPELLA DAMAGE
KT,BI,13/04/2022,16:57,17:53,5m,2,NA,NA,NA,NA,DRUPELLA DAMAGE
KT,BI,13/04/2022,16:57,17:53,5m,2,NA,NA,NA,NA,DRUPELLA DAMAGE
KT,BI,13/04/2022,16:57,17:53,5m,2,NA,NA,NA,NA,DRUPELLA DAMAGE
KT,BI,13/04/2022,16:57,17:53,5m,2,NA,NA,NA,NA,DRUPELLA DAMAGE
KT,BI,13/04/2022,16:57,17:53,5m,2,NA,NA,NA,NA,DRUPELLA DAMAGE
KT,BI,13/04/2022,16:57,17:53,5m,2,NA,NA,NA,NA,CORAL BLEACHING
KT,FI,28/04/2022,11:34,12:36,5m,1,NA,NA,NA,NA,DRUPELLA DAMAGE
KT,FI,28/04/2022,11:34,12:36,5m,2,NA,NA,NA,NA,COTS/CS DAMAGE
KT,FI,28/04/2022,11:34,12:36,5m,2,NA,NA,NA,NA,COTS/CS DAMAGE
KT,FI,28/04/2022,11:34,12:36,5m,2,NA,NA,NA,NA,COTS/CS DAMAGE
KT,FI,28/04/2022,11:34,12:36,5m,2,NA,NA,NA,NA,COTS/CS DAMAGE
KT,FI,28/04/2022,11:34,12:36,5m,2,NA,NA,NA,NA,COTS/CS DAMAGE
KT,FI,28/04/2022,11:34,12:36,5m,2,NA,NA,NA,NA,COTS/CS DAMAGE
KT,FI,28/04/2022,11:34,12:36,5m,2,NA,NA,NA,NA,COTS/CS DAMAGE
KT,FI,28/04/2022,11:34,12:36,5m,2,NA,NA,NA,NA,COTS/CS DAMAGE
KT,FI,28/04/2022,11:34,12:36,5m,2,NA,NA,NA,NA,COTS/CS DAMAGE
KT,FI,28/04/2022,11:34,12:36,5m,2,NA,NA,NA,NA,COTS/CS DAMAGE
KT,FI,28/04/2022,11:34,12:36,5m,2,NA,NA,NA,NA,COTS/CS DAMAGE
KT,FI,28/04/2022,11:34,12:36,5m,2,NA,NA,NA,NA,COTS/CS DAMAGE
KT,FI,28/04/2022,11:34,12:36,5m,2,NA,NA,NA,NA,DRUPELLA DAMAGE
KT,FI,28/04/2023,11:34,12:36,5m,2,NA,NA,NA,NA,CORAL BLEACHING
MF,FI,28/04/2027,10:00,10:55,10m,1,NA,NA,NA,NA,COTS/CS DAMAGE
MF,FI,28/04/2028,10:00,10:55,10m,1,NA,NA,NA,NA,COTS/CS DAMAGE
MF,FI,28/04/2029,10:00,10:55,10m,1,NA,NA,NA,NA,COTS/CS DAMAGE
MF,FI,28/04/2030,10:00,10:55,10m,1,NA,NA,NA,NA,COTS/CS DAMAGE
MF,FI,28/04/2031,10:00,10:55,10m,1,NA,NA,NA,NA,CORAL BLEACHING
MF,FI,28/04/2037,10:00,10:55,10m,2,NA,NA,NA,NA,COTS/CS DAMAGE
MF,FI,28/04/2038,10:00,10:55,10m,2,NA,NA,NA,NA,COTS/CS DAMAGE
MF,FI,28/04/2039,10:00,10:55,10m,2,NA,NA,NA,NA,COTS/CS DAMAGE
MF,FI,28/04/2040,10:00,10:55,10m,2,NA,NA,NA,NA,COTS/CS DAMAGE
MF,FI,28/04/2041,10:00,10:55,10m,2,NA,NA,NA,NA,TRASH
MF,FI,28/04/2042,10:00,10:55,10m,2,NA,NA,NA,NA,TRASH
MF,FI,28/04/2043,10:00,10:55,10m,2,NA,NA,NA,NA,DRUPELLA DAMAGE
MF,FI,28/04/2044,10:00,10:55,10m,2,NA,NA,NA,NA,DRUPELLA DAMAGE
MF,FI,28/04/2045,10:00,10:55,10m,2,NA,NA,NA,NA,DRUPELLA DAMAGE
MF,FI,28/04/2046,10:00,10:55,10m,2,NA,NA,NA,NA,DRUPELLA DAMAGE
MF,FI,28/04/2047,10:00,10:55,10m,2,NA,NA,NA,NA,CORAL BLEACHING
MF,FI,28/04/2068,11:34,12:36,5m,1,NA,NA,NA,NA,COTS/CS DAMAGE
MF,FI,28/04/2069,11:34,12:36,5m,1,NA,NA,NA,NA,COTS/CS DAMAGE
MF,FI,28/04/2070,11:34,12:36,5m,1,NA,NA,NA,NA,COTS/CS DAMAGE
MF,FI,28/04/2071,11:34,12:36,5m,1,NA,NA,NA,NA,COTS/CS DAMAGE
MF,FI,28/04/2072,11:34,12:36,5m,1,NA,NA,NA,NA,COTS/CS DAMAGE
MF,FI,28/04/2073,11:34,12:36,5m,1,NA,NA,NA,NA,DRUPELLA DAMAGE
MF,FI,28/04/2074,11:34,12:36,5m,1,NA,NA,NA,NA,DRUPELLA DAMAGE
MF,FI,28/04/2075,11:34,12:36,5m,1,NA,NA,NA,NA,DRUPELLA DAMAGE
MF,FI,28/04/2076,11:34,12:36,5m,1,NA,NA,NA,NA,DRUPELLA DAMAGE
MF,FI,28/04/2077,11:34,12:36,5m,1,NA,NA,NA,NA,DRUPELLA DAMAGE
MF,FI,28/04/2078,11:34,12:36,5m,1,NA,NA,NA,NA,CORAL BLEACHING
MF,FI,28/04/2099,11:34,12:36,5m,2,NA,NA,NA,NA,COTS/CS DAMAGE
MF,FI,28/04/2100,11:34,12:36,5m,2,NA,NA,NA,NA,DRUPELLA DAMAGE
MF,FI,28/04/2101,11:34,12:36,5m,2,NA,NA,NA,NA,CORAL BLEACHING
MF,KF,03/05/2022,10:14,11:04,10m,1,NA,NA,NA,NA,COTS/CS DAMAGE
MF,KF,03/05/2022,10:14,11:04,10m,1,NA,NA,NA,NA,COTS/CS DAMAGE
MF,KF,03/05/2022,10:14,11:04,10m,1,NA,NA,NA,NA,COTS/CS DAMAGE
MF,KF,03/05/2022,10:14,11:04,10m,1,NA,NA,NA,NA,COTS/CS DAMAGE
MF,KF,03/05/2022,10:14,11:04,10m,1,NA,NA,NA,NA,COTS/CS DAMAGE
MF,KF,03/05/2022,10:14,11:04,10m,1,NA,NA,NA,NA,COTS/CS DAMAGE
MF,KF,03/05/2022,10:14,11:04,10m,1,NA,NA,NA,NA,COTS/CS DAMAGE
MF,KF,03/05/2022,10:14,11:04,10m,1,NA,NA,NA,NA,DRUPELLA DAMAGE
MF,KF,03/05/2022,10:14,11:04,10m,1,NA,NA,NA,NA,DRUPELLA DAMAGE
MF,KF,03/05/2022,10:14,11:04,10m,1,NA,NA,NA,NA,DRUPELLA DAMAGE
MF,KF,03/05/2022,10:14,11:04,10m,1,NA,NA,NA,NA,DRUPELLA DAMAGE
MF,KF,03/05/2022,10:14,11:04,10m,1,NA,NA,NA,NA,DRUPELLA DAMAGE
MF,KF,03/05/2022,10:14,11:04,10m,1,NA,NA,NA,NA,DRUPELLA DAMAGE
MF,KF,03/05/2022,10:14,11:04,10m,1,NA,NA,NA,NA,DRUPELLA DAMAGE
MF,KF,03/05/2022,10:14,11:04,10m,1,NA,NA,NA,NA,DRUPELLA DAMAGE
MF,KF,03/05/2022,10:14,11:04,10m,1,NA,NA,NA,NA,CORAL BLEACHING
MF,KF,03/05/2022,10:14,11:04,10m,2,NA,NA,NA,NA,COTS/CS DAMAGE
MF,KF,03/05/2022,10:14,11:04,10m,2,NA,NA,NA,NA,COTS/CS DAMAGE
MF,KF,03/05/2022,10:14,11:04,10m,2,NA,NA,NA,NA,COTS/CS DAMAGE
MF,KF,03/05/2022,10:14,11:04,10m,2,NA,NA,NA,NA,COTS/CS DAMAGE
MF,KF,03/05/2022,10:14,11:04,10m,2,NA,NA,NA,NA,COTS/CS DAMAGE
MF,KF,03/05/2022,10:14,11:04,10m,2,NA,NA,NA,NA,COTS/CS DAMAGE
MF,KF,03/05/2022,10:14,11:04,10m,2,NA,NA,NA,NA,FISHING LINES
MF,KF,03/05/2022,10:14,11:04,10m,2,NA,NA,NA,NA,DRUPELLA DAMAGE
MF,KF,03/05/2022,10:14,11:04,10m,2,NA,NA,NA,NA,DRUPELLA DAMAGE
MF,KF,03/05/2022,10:14,11:04,10m,2,NA,NA,NA,NA,DRUPELLA DAMAGE
MF,KF,03/05/2022,10:14,11:04,10m,2,NA,NA,NA,NA,DRUPELLA DAMAGE
MF,KF,03/05/2022,10:14,11:04,10m,2,NA,NA,NA,NA,DRUPELLA DAMAGE
MF,KF,03/05/2022,10:14,11:04,10m,2,NA,NA,NA,NA,DRUPELLA DAMAGE
MF,KF,03/05/2022,10:14,11:04,10m,2,NA,NA,NA,NA,DRUPELLA DAMAGE
MF,KF,03/05/2022,10:14,11:04,10m,2,NA,NA,NA,NA,DRUPELLA DAMAGE
MF,KF,03/05/2022,10:14,11:04,10m,2,NA,NA,NA,NA,DRUPELLA DAMAGE
MF,KF,03/05/2022,10:14,11:04,10m,2,NA,NA,NA,NA,DRUPELLA DAMAGE
MF,KF,03/05/2022,10:14,11:04,10m,2,NA,NA,NA,NA,DRUPELLA DAMAGE
MF,KF,03/05/2022,10:14,11:04,10m,2,NA,NA,NA,NA,CORAL BLEACHING
MF,KF,03/05/2022,11:48,12:46,5m,1,NA,NA,NA,NA,COTS/CS DAMAGE
MF,KF,03/05/2022,11:48,12:46,5m,1,NA,NA,NA,NA,DRUPELLA DAMAGE
MF,KF,03/05/2022,11:48,12:46,5m,1,NA,NA,NA,NA,DRUPELLA DAMAGE
MF,KF,03/05/2022,11:48,12:46,5m,1,NA,NA,NA,NA,DRUPELLA DAMAGE
MF,KF,03/05/2022,11:48,12:46,5m,1,NA,NA,NA,NA,CORAL BLEACHING
MF,KF,03/05/2022,11:48,12:46,5m,2,NA,NA,NA,NA,COTS/CS DAMAGE
MF,KF,03/05/2022,11:48,12:46,5m,2,NA,NA,NA,NA,COTS/CS DAMAGE
MF,KF,03/05/2022,11:48,12:46,5m,2,NA,NA,NA,NA,COTS/CS DAMAGE
MF,KF,03/05/2022,11:48,12:46,5m,2,NA,NA,NA,NA,DRUPELLA DAMAGE
MF,KF,03/05/2022,11:48,12:46,5m,2,NA,NA,NA,NA,DRUPELLA DAMAGE
MF,KF,03/05/2022,11:48,12:46,5m,2,NA,NA,NA,NA,DRUPELLA DAMAGE
MF,KF,03/05/2022,11:48,12:46,5m,2,NA,NA,NA,NA,DRUPELLA DAMAGE
MF,KF,03/05/2022,11:48,12:46,5m,2,NA,NA,NA,NA,DRUPELLA DAMAGE
MF,KF,03/05/2022,11:48,12:46,5m,2,NA,NA,NA,NA,DRUPELLA DAMAGE
MF,KF,03/05/2022,11:48,12:46,5m,2,NA,NA,NA,NA,DRUPELLA DAMAGE
MF,KF,03/05/2022,11:48,12:46,5m,2,NA,NA,NA,NA,DRUPELLA DAMAGE
MF,KF,03/05/2022,11:48,12:46,5m,2,NA,NA,NA,NA,DRUPELLA DAMAGE
MF,KF,03/05/2022,11:48,12:46,5m,2,NA,NA,NA,NA,DRUPELLA DAMAGE
MF,KF,03/05/2022,11:48,12:46,5m,2,NA,NA,NA,NA,DRUPELLA DAMAGE
MF,KF,03/05/2022,11:48,12:46,5m,2,NA,NA,NA,NA,DRUPELLA DAMAGE
MF,KF,03/06/2022,11:48,12:46,5m,3,NA,NA,NA,NA,CORAL BLEACHING
KT,KF,03/05/2022,10:14,11:04,10m,1,NA,NA,NA,NA,COTS/CS DAMAGE
KT,KF,03/05/2022,10:14,11:04,10m,1,NA,NA,NA,NA,COTS/CS DAMAGE
KT,KF,03/05/2022,10:14,11:04,10m,1,NA,NA,NA,NA,COTS/CS DAMAGE
KT,KF,03/05/2022,10:14,11:04,10m,1,NA,NA,NA,NA,COTS/CS DAMAGE
KT,KF,03/05/2022,10:14,11:04,10m,1,NA,NA,NA,NA,COTS/CS DAMAGE
KT,KF,03/05/2022,10:14,11:04,10m,1,NA,NA,NA,NA,COTS/CS DAMAGE
KT,KF,03/05/2022,10:14,11:04,10m,1,NA,NA,NA,NA,COTS/CS DAMAGE
KT,KF,03/05/2022,10:14,11:04,10m,1,NA,NA,NA,NA,COTS/CS DAMAGE
KT,KF,03/05/2022,10:14,11:04,10m,1,NA,NA,NA,NA,COTS/CS DAMAGE
KT,KF,03/05/2022,10:14,11:04,10m,1,NA,NA,NA,NA,FISHING LINES
KT,KF,03/05/2022,10:14,11:04,10m,1,NA,NA,NA,NA,CORAL BLEACHING
KT,KF,03/05/2022,10:14,11:04,10m,2,NA,NA,NA,NA,COTS/CS DAMAGE
KT,KF,03/05/2022,10:14,11:04,10m,2,NA,NA,NA,NA,COTS/CS DAMAGE
KT,KF,03/05/2022,10:14,11:04,10m,2,NA,NA,NA,NA,COTS/CS DAMAGE
KT,KF,03/05/2022,10:14,11:04,10m,2,NA,NA,NA,NA,COTS/CS DAMAGE
KT,KF,03/05/2022,10:14,11:04,10m,2,NA,NA,NA,NA,COTS/CS DAMAGE
KT,KF,03/05/2022,10:14,11:04,10m,2,NA,NA,NA,NA,FISHING LINES
KT,KF,03/05/2022,10:14,11:04,10m,2,NA,NA,NA,NA,CORAL BLEACHING
KT,KF,03/05/2022,11:48,12:46,5m,1,NA,NA,NA,NA,COTS/CS DAMAGE
KT,KF,03/05/2022,11:48,12:46,5m,1,NA,NA,NA,NA,COTS/CS DAMAGE
KT,KF,03/05/2022,11:48,12:46,5m,1,NA,NA,NA,NA,COTS/CS DAMAGE
KT,KF,03/05/2022,11:48,12:46,5m,1,NA,NA,NA,NA,COTS/CS DAMAGE
KT,KF,03/05/2022,11:48,12:46,5m,1,NA,NA,NA,NA,COTS/CS DAMAGE
KT,KF,03/05/2022,11:48,12:46,5m,1,NA,NA,NA,NA,COTS/CS DAMAGE
KT,KF,03/05/2022,11:48,12:46,5m,1,NA,NA,NA,NA,FISHING LINES
KT,KF,03/05/2022,11:48,12:46,5m,2,NA,NA,NA,NA,CORAL BLEACHING
KT,KF,03/05/2022,11:48,12:46,5m,2,NA,NA,NA,NA,COTS/CS DAMAGE
KT,KF,03/05/2022,11:48,12:46,5m,2,NA,NA,NA,NA,COTS/CS DAMAGE
KT,KF,03/05/2022,11:48,12:46,5m,2,NA,NA,NA,NA,COTS/CS DAMAGE
KT,KF,03/05/2022,11:48,12:46,5m,2,NA,NA,NA,NA,COTS/CS DAMAGE
KT,KF,03/05/2022,11:48,12:46,5m,2,NA,NA,NA,NA,CORAL BLEACHING
KT,MBO,05/05/2022,10:02,10:56,15m,1,NA,NA,NA,NA,COTS/CS DAMAGE
KT,MBO,05/05/2022,10:02,10:56,15m,1,NA,NA,NA,NA,COTS/CS DAMAGE
KT,MBO,05/05/2022,10:02,10:56,15m,1,NA,NA,NA,NA,COTS/CS DAMAGE
KT,MBO,05/05/2022,10:02,10:56,15m,1,NA,NA,NA,NA,COTS/CS DAMAGE
KT,MBO,05/05/2022,10:02,10:56,15m,1,NA,NA,NA,NA,COTS/CS DAMAGE
KT,MBO,05/05/2022,10:02,10:56,15m,1,NA,NA,NA,NA,COTS/CS DAMAGE
KT,MBO,05/05/2022,10:02,10:56,15m,1,NA,NA,NA,NA,TRASH
KT,MBO,05/05/2022,10:02,10:56,15m,1,NA,NA,NA,NA,FISHING LINES
KT,MBO,05/05/2022,10:02,10:56,15m,1,NA,NA,NA,NA,CORAL BLEACHING
KT,MBO,05/05/2022,10:02,10:56,15m,2,NA,NA,NA,NA,COTS/CS DAMAGE
KT,MBO,05/05/2022,10:02,10:56,15m,2,NA,NA,NA,NA,COTS/CS DAMAGE
KT,MBO,05/05/2022,10:02,10:56,15m,2,NA,NA,NA,NA,COTS/CS DAMAGE
KT,MBO,05/05/2022,10:02,10:56,15m,2,NA,NA,NA,NA,COTS/CS DAMAGE
KT,MBO,05/05/2022,10:02,10:56,15m,2,NA,NA,NA,NA,COTS/CS DAMAGE
KT,MBO,05/05/2022,10:02,10:56,15m,2,NA,NA,NA,NA,COTS/CS DAMAGE
KT,MBO,05/05/2022,10:02,10:56,15m,2,NA,NA,NA,NA,COTS/CS DAMAGE
KT,MBO,05/05/2022,10:02,10:56,15m,2,NA,NA,NA,NA,COTS/CS DAMAGE
KT,MBO,05/05/2022,10:02,10:56,15m,2,NA,NA,NA,NA,COTS/CS DAMAGE
KT,MBO,05/05/2022,10:02,10:56,15m,2,NA,NA,NA,NA,COTS/CS DAMAGE
KT,MBO,05/05/2022,10:02,10:56,15m,2,NA,NA,NA,NA,COTS/CS DAMAGE
KT,MBO,05/05/2022,10:02,10:56,15m,2,NA,NA,NA,NA,DRUPELLA DAMAGE
KT,MBO,05/05/2022,10:02,10:56,15m,2,NA,NA,NA,NA,CORAL BLEACHING
KT,MBO,05/05/2022,11:44,12:39,10m,1,NA,NA,NA,NA,COTS/CS DAMAGE
KT,MBO,05/05/2022,11:44,12:39,10m,1,NA,NA,NA,NA,COTS/CS DAMAGE
KT,MBO,05/05/2022,11:44,12:39,10m,1,NA,NA,NA,NA,COTS/CS DAMAGE
KT,MBO,05/05/2022,11:44,12:39,10m,1,NA,NA,NA,NA,COTS/CS DAMAGE
KT,MBO,05/05/2022,11:44,12:39,10m,1,NA,NA,NA,NA,COTS/CS DAMAGE
KT,MBO,05/05/2022,11:44,12:39,10m,1,NA,NA,NA,NA,COTS/CS DAMAGE
KT,MBO,05/05/2022,11:44,12:39,10m,1,NA,NA,NA,NA,COTS/CS DAMAGE
KT,MBO,05/05/2022,11:44,12:39,10m,1,NA,NA,NA,NA,COTS/CS DAMAGE
KT,MBO,05/05/2022,11:44,12:39,10m,1,NA,NA,NA,NA,COTS/CS DAMAGE
KT,MBO,05/05/2022,11:44,12:39,10m,1,NA,NA,NA,NA,COTS/CS DAMAGE
KT,MBO,05/05/2022,11:44,12:39,10m,1,NA,NA,NA,NA,COTS/CS DAMAGE
KT,MBO,05/05/2022,11:44,12:39,10m,1,NA,NA,NA,NA,COTS/CS DAMAGE
KT,MBO,05/05/2022,11:44,12:39,10m,1,NA,NA,NA,NA,COTS/CS DAMAGE
KT,MBO,05/05/2022,11:44,12:39,10m,1,NA,NA,NA,NA,COTS/CS DAMAGE
KT,MBO,05/05/2022,11:44,12:39,10m,1,NA,NA,NA,NA,COTS/CS DAMAGE
KT,MBO,05/05/2022,11:44,12:39,10m,1,NA,NA,NA,NA,COTS/CS DAMAGE
KT,MBO,05/05/2022,11:44,12:39,10m,1,NA,NA,NA,NA,COTS/CS DAMAGE
KT,MBO,05/05/2022,11:44,12:39,10m,1,NA,NA,NA,NA,TRASH
KT,MBO,05/05/2022,11:44,12:39,10m,1,NA,NA,NA,NA,DRUPELLA DAMAGE
KT,MBO,05/05/2022,11:44,12:39,10m,1,NA,NA,NA,NA,DRUPELLA DAMAGE
KT,MBO,05/05/2022,11:44,12:39,10m,1,NA,NA,NA,NA,CORAL BLEACHING
KT,MBO,05/05/2022,11:44,12:39,10m,2,NA,NA,NA,NA,COTS/CS DAMAGE
KT,MBO,05/05/2022,11:44,12:39,10m,2,NA,NA,NA,NA,COTS/CS DAMAGE
KT,MBO,05/05/2022,11:44,12:39,10m,2,NA,NA,NA,NA,COTS/CS DAMAGE
KT,MBO,05/05/2022,11:44,12:39,10m,2,NA,NA,NA,NA,COTS/CS DAMAGE
KT,MBO,05/05/2022,11:44,12:39,10m,2,NA,NA,NA,NA,COTS/CS DAMAGE
KT,MBO,05/05/2022,11:44,12:39,10m,2,NA,NA,NA,NA,COTS/CS DAMAGE
KT,MBO,05/05/2022,11:44,12:39,10m,2,NA,NA,NA,NA,COTS/CS DAMAGE
KT,MBO,05/05/2022,11:44,12:39,10m,2,NA,NA,NA,NA,COTS/CS DAMAGE
KT,MBO,05/05/2022,11:44,12:39,10m,2,NA,NA,NA,NA,COTS/CS DAMAGE
KT,MBO,05/05/2022,11:44,12:39,10m,2,NA,NA,NA,NA,FISHING LINES
KT,MBO,05/05/2022,11:44,12:39,10m,2,NA,NA,NA,NA,DRUPELLA DAMAGE
KT,MBO,05/05/2022,11:44,12:39,10m,2,NA,NA,NA,NA,DRUPELLA DAMAGE
KT,MBO,05/05/2022,11:44,12:39,10m,2,NA,NA,NA,NA,DRUPELLA DAMAGE
KT,MBO,05/05/2022,11:44,12:39,10m,2,NA,NA,NA,NA,CORAL BLEACHING
MF,MBO,05/05/2022,10:02,10:56,15m,1,NA,NA,NA,NA,COTS/CS DAMAGE
MF,MBO,05/05/2022,10:02,10:56,15m,1,NA,NA,NA,NA,COTS/CS DAMAGE
MF,MBO,05/05/2022,10:02,10:56,15m,1,NA,NA,NA,NA,COTS/CS DAMAGE
MF,MBO,05/05/2022,10:02,10:56,15m,1,NA,NA,NA,NA,COTS/CS DAMAGE
MF,MBO,05/05/2022,10:02,10:56,15m,1,NA,NA,NA,NA,COTS/CS DAMAGE
MF,MBO,05/05/2022,10:02,10:56,15m,1,NA,NA,NA,NA,COTS/CS DAMAGE
MF,MBO,05/05/2022,10:02,10:56,15m,1,NA,NA,NA,NA,COTS/CS DAMAGE
MF,MBO,05/05/2022,10:02,10:56,15m,1,NA,NA,NA,NA,TRASH
MF,MBO,05/05/2022,10:02,10:56,15m,1,NA,NA,NA,NA,DRUPELLA DAMAGE
MF,MBO,05/05/2022,10:02,10:56,15m,1,NA,NA,NA,NA,DRUPELLA DAMAGE
MF,MBO,05/05/2022,10:02,10:56,15m,1,NA,NA,NA,NA,DRUPELLA DAMAGE
MF,MBO,05/05/2022,10:02,10:56,15m,1,NA,NA,NA,NA,DRUPELLA DAMAGE
MF,MBO,05/05/2022,10:02,10:56,15m,1,NA,NA,NA,NA,DRUPELLA DAMAGE
MF,MBO,05/05/2022,10:02,10:56,15m,1,NA,NA,NA,NA,DRUPELLA DAMAGE
MF,MBO,05/05/2022,10:02,10:56,15m,1,NA,NA,NA,NA,CORAL BLEACHING
MF,MBO,05/05/2022,10:02,10:56,15m,2,NA,NA,NA,NA,COTS/CS DAMAGE
MF,MBO,05/05/2022,10:02,10:56,15m,2,NA,NA,NA,NA,COTS/CS DAMAGE
MF,MBO,05/05/2022,10:02,10:56,15m,2,NA,NA,NA,NA,TRASH
MF,MBO,05/05/2022,10:02,10:56,15m,2,NA,NA,NA,NA,TRASH
MF,MBO,05/05/2022,10:02,10:56,15m,2,NA,NA,NA,NA,DRUPELLA DAMAGE
MF,MBO,05/05/2022,10:02,10:56,15m,2,NA,NA,NA,NA,DRUPELLA DAMAGE
MF,MBO,05/05/2022,10:02,10:56,15m,2,NA,NA,NA,NA,DRUPELLA DAMAGE
MF,MBO,05/05/2022,10:02,10:56,15m,2,NA,NA,NA,NA,DRUPELLA DAMAGE
MF,MBO,05/05/2022,10:02,10:56,15m,2,NA,NA,NA,NA,DRUPELLA DAMAGE
MF,MBO,05/05/2022,10:02,10:56,15m,2,NA,NA,NA,NA,DRUPELLA DAMAGE
MF,MBO,05/05/2022,10:02,10:56,15m,2,NA,NA,NA,NA,CORAL BLEACHING
MF,MBO,05/05/2022,11:44,12:39,10m,1,NA,NA,NA,NA,COTS/CS DAMAGE
MF,MBO,05/05/2022,11:44,12:39,10m,1,NA,NA,NA,NA,TRASH
MF,MBO,05/05/2022,11:44,12:39,10m,1,NA,NA,NA,NA,DRUPELLA DAMAGE
MF,MBO,05/05/2022,11:44,12:39,10m,1,NA,NA,NA,NA,DRUPELLA DAMAGE
MF,MBO,05/05/2022,11:44,12:39,10m,1,NA,NA,NA,NA,DRUPELLA DAMAGE
MF,MBO,05/05/2022,11:44,12:39,10m,1,NA,NA,NA,NA,DRUPELLA DAMAGE
MF,MBO,05/05/2022,11:44,12:39,10m,1,NA,NA,NA,NA,DRUPELLA DAMAGE
MF,MBO,05/05/2022,11:44,12:39,10m,1,NA,NA,NA,NA,DRUPELLA DAMAGE
MF,MBO,05/05/2022,11:44,12:39,10m,1,NA,NA,NA,NA,DRUPELLA DAMAGE
MF,MBO,05/05/2022,11:44,12:39,10m,1,NA,NA,NA,NA,DRUPELLA DAMAGE
MF,MBO,05/05/2022,11:44,12:39,10m,1,NA,NA,NA,NA,DRUPELLA DAMAGE
MF,MBO,05/05/2022,11:44,12:39,10m,1,NA,NA,NA,NA,DRUPELLA DAMAGE
MF,MBO,05/05/2022,11:44,12:39,10m,1,NA,NA,NA,NA,DRUPELLA DAMAGE
MF,MBO,05/05/2022,11:44,12:39,10m,1,NA,NA,NA,NA,CORAL BLEACHING
MF,MBO,05/05/2022,11:44,12:39,10m,2,NA,NA,NA,NA,COTS/CS DAMAGE
MF,MBO,05/05/2022,11:44,12:39,10m,2,NA,NA,NA,NA,COTS/CS DAMAGE
MF,MBO,05/05/2022,11:44,12:39,10m,2,NA,NA,NA,NA,DRUPELLA DAMAGE
MF,MBO,05/05/2022,11:44,12:39,10m,2,NA,NA,NA,NA,DRUPELLA DAMAGE
MF,MBO,05/05/2022,11:44,12:39,10m,2,NA,NA,NA,NA,DRUPELLA DAMAGE
MF,MBO,05/05/2022,11:44,12:39,10m,2,NA,NA,NA,NA,DRUPELLA DAMAGE
MF,MBO,05/05/2022,11:44,12:39,10m,2,NA,NA,NA,NA,DRUPELLA DAMAGE
MF,MBO,05/05/2022,11:44,12:39,10m,2,NA,NA,NA,NA,DRUPELLA DAMAGE
MF,MBO,05/05/2022,11:44,12:39,10m,2,NA,NA,NA,NA,DRUPELLA DAMAGE
MF,MBO,05/05/2022,11:44,12:39,10m,2,NA,NA,NA,NA,DRUPELLA DAMAGE
MF,MBO,05/05/2022,11:44,12:39,10m,2,NA,NA,NA,NA,DRUPELLA DAMAGE
MF,MBO,05/05/2022,11:44,12:39,10m,2,NA,NA,NA,NA,DRUPELLA DAMAGE
MF,MBO,05/05/2022,11:44,12:39,10m,2,NA,NA,NA,NA,DRUPELLA DAMAGE
MF,MBO,05/05/2022,11:44,12:39,10m,2,NA,NA,NA,NA,DRUPELLA DAMAGE
MF,MBO,05/05/2022,11:44,12:39,10m,2,NA,NA,NA,NA,DRUPELLA DAMAGE
MF,MBO,05/05/2022,11:44,12:39,10m,2,NA,NA,NA,NA,DRUPELLA DAMAGE
MF,MBO,05/05/2022,11:44,12:39,10m,2,NA,NA,NA,NA,DRUPELLA DAMAGE
MF,MBO,05/05/2022,11:44,12:39,10m,2,NA,NA,NA,NA,DRUPELLA DAMAGE
MF,MBO,05/05/2022,11:44,12:39,10m,2,NA,NA,NA,NA,DRUPELLA DAMAGE
MF,MBO,05/05/2022,11:44,12:39,10m,2,NA,NA,NA,NA,CORAL BLEACHING
KT,MK,07/05/2022,09:59,10:53,15m,1,NA,NA,NA,NA,COTS/CS DAMAGE
KT,MK,07/05/2022,09:59,10:53,15m,1,NA,NA,NA,NA,COTS/CS DAMAGE
KT,MK,07/05/2022,09:59,10:53,15m,1,NA,NA,NA,NA,COTS/CS DAMAGE
KT,MK,07/05/2022,09:59,10:53,15m,1,NA,NA,NA,NA,COTS/CS DAMAGE
KT,MK,07/05/2022,09:59,10:53,15m,1,NA,NA,NA,NA,COTS/CS DAMAGE
KT,MK,07/05/2022,09:59,10:53,15m,1,NA,NA,NA,NA,COTS/CS DAMAGE
KT,MK,07/05/2022,09:59,10:53,15m,1,NA,NA,NA,NA,COTS/CS DAMAGE
KT,MK,07/05/2022,09:59,10:53,15m,1,NA,NA,NA,NA,COTS/CS DAMAGE
KT,MK,07/05/2022,09:59,10:53,15m,1,NA,NA,NA,NA,COTS/CS DAMAGE
KT,MK,07/05/2022,09:59,10:53,15m,1,NA,NA,NA,NA,FISHING LINES
KT,MK,07/05/2022,09:59,10:53,15m,1,NA,NA,NA,NA,FISHING LINES
KT,MK,07/05/2022,09:59,10:53,15m,1,NA,NA,NA,NA,DRUPELLA DAMAGE
KT,MK,07/05/2022,09:59,10:53,15m,1,NA,NA,NA,NA,DRUPELLA DAMAGE
KT,MK,07/05/2022,09:59,10:53,15m,1,NA,NA,NA,NA,DRUPELLA DAMAGE
KT,MK,07/05/2022,09:59,10:53,15m,1,NA,NA,NA,NA,DRUPELLA DAMAGE
KT,MK,07/05/2022,09:59,10:53,15m,1,NA,NA,NA,NA,DRUPELLA DAMAGE
KT,MK,07/05/2022,09:59,10:53,15m,1,NA,NA,NA,NA,DRUPELLA DAMAGE
KT,MK,07/05/2022,09:59,10:53,15m,1,NA,NA,NA,NA,DRUPELLA DAMAGE
KT,MK,07/05/2022,09:59,10:53,15m,1,NA,NA,NA,NA,DRUPELLA DAMAGE
KT,MK,07/05/2022,09:59,10:53,15m,1,NA,NA,NA,NA,DRUPELLA DAMAGE
KT,MK,07/05/2022,09:59,10:53,15m,1,NA,NA,NA,NA,DRUPELLA DAMAGE
KT,MK,07/05/2022,09:59,10:53,15m,1,NA,NA,NA,NA,DRUPELLA DAMAGE
KT,MK,07/05/2022,09:59,10:53,15m,1,NA,NA,NA,NA,DRUPELLA DAMAGE
KT,MK,07/05/2022,09:59,10:53,15m,2,NA,NA,NA,NA,COTS/CS DAMAGE
KT,MK,07/05/2022,09:59,10:53,15m,2,NA,NA,NA,NA,COTS/CS DAMAGE
KT,MK,07/05/2022,09:59,10:53,15m,2,NA,NA,NA,NA,COTS/CS DAMAGE
KT,MK,07/05/2022,09:59,10:53,15m,2,NA,NA,NA,NA,FISHING LINES
KT,MK,07/05/2022,09:59,10:53,15m,2,NA,NA,NA,NA,DRUPELLA DAMAGE
KT,MK,07/05/2022,09:59,10:53,15m,2,NA,NA,NA,NA,DRUPELLA DAMAGE
KT,MK,07/05/2022,09:59,10:53,15m,2,NA,NA,NA,NA,DRUPELLA DAMAGE
KT,MK,07/05/2022,09:59,10:53,15m,2,NA,NA,NA,NA,DRUPELLA DAMAGE
KT,MK,07/05/2022,09:59,10:53,15m,2,NA,NA,NA,NA,DRUPELLA DAMAGE
KT,MK,07/05/2022,09:59,10:53,15m,2,NA,NA,NA,NA,DRUPELLA DAMAGE
KT,MK,07/05/2022,09:59,10:53,15m,2,NA,NA,NA,NA,DRUPELLA DAMAGE
KT,MK,07/05/2022,09:59,10:53,15m,2,NA,NA,NA,NA,DRUPELLA DAMAGE
KT,MK,07/05/2022,09:59,10:53,15m,2,NA,NA,NA,NA,DRUPELLA DAMAGE
KT,MK,07/05/2022,09:59,10:53,15m,2,NA,NA,NA,NA,DRUPELLA DAMAGE
KT,MK,07/05/2022,09:59,10:53,15m,2,NA,NA,NA,NA,DRUPELLA DAMAGE
KT,MK,07/05/2022,11:50,12:38,10m,1,NA,NA,NA,NA,COTS/CS DAMAGE
KT,MK,07/05/2022,11:50,12:38,10m,1,NA,NA,NA,NA,COTS/CS DAMAGE
KT,MK,07/05/2022,11:50,12:38,10m,1,NA,NA,NA,NA,COTS/CS DAMAGE
KT,MK,07/05/2022,11:50,12:38,10m,1,NA,NA,NA,NA,COTS/CS DAMAGE
KT,MK,07/05/2022,11:50,12:38,10m,1,NA,NA,NA,NA,DRUPELLA DAMAGE
KT,MK,07/05/2022,11:50,12:38,10m,1,NA,NA,NA,NA,DRUPELLA DAMAGE
KT,MK,07/05/2022,11:50,12:38,10m,1,NA,NA,NA,NA,DRUPELLA DAMAGE
KT,MK,07/05/2022,11:50,12:38,10m,1,NA,NA,NA,NA,DRUPELLA DAMAGE
KT,MK,07/05/2022,11:50,12:38,10m,1,NA,NA,NA,NA,DRUPELLA DAMAGE
KT,MK,07/05/2022,11:50,12:38,10m,1,NA,NA,NA,NA,DRUPELLA DAMAGE
KT,MK,07/05/2022,11:50,12:38,10m,1,NA,NA,NA,NA,DRUPELLA DAMAGE
KT,MK,07/05/2022,11:50,12:38,10m,1,NA,NA,NA,NA,DRUPELLA DAMAGE
KT,MK,07/05/2022,11:50,12:38,10m,1,NA,NA,NA,NA,DRUPELLA DAMAGE
KT,MK,07/05/2022,11:50,12:38,10m,2,NA,NA,NA,NA,DRUPELLA DAMAGE
KT,MK,07/05/2022,11:50,12:38,10m,2,NA,NA,NA,NA,DRUPELLA DAMAGE
KT,MK,07/05/2022,11:50,12:38,10m,2,NA,NA,NA,NA,DRUPELLA DAMAGE
KT,MK,07/05/2022,11:50,12:38,10m,2,NA,NA,NA,NA,DRUPELLA DAMAGE
KT,MK,07/05/2022,11:50,12:38,10m,2,NA,NA,NA,NA,DRUPELLA DAMAGE
KT,MK,07/05/2022,11:50,12:38,10m,2,NA,NA,NA,NA,DRUPELLA DAMAGE
KT,MK,07/05/2022,11:50,12:38,10m,2,NA,NA,NA,NA,DRUPELLA DAMAGE
KT,MK,07/05/2022,11:50,12:38,10m,2,NA,NA,NA,NA,DRUPELLA DAMAGE
MF,MK,07/05/2022,09:59,10:53,15m,1,NA,NA,NA,NA,DRUPELLA DAMAGE
MF,MK,07/05/2022,09:59,10:53,15m,1,NA,NA,NA,NA,DRUPELLA DAMAGE
MF,MK,07/05/2022,09:59,10:53,15m,1,NA,NA,NA,NA,DRUPELLA DAMAGE
MF,MK,07/05/2022,09:59,10:53,15m,1,NA,NA,NA,NA,DRUPELLA DAMAGE
MF,MK,07/05/2022,09:59,10:53,15m,1,NA,NA,NA,NA,DRUPELLA DAMAGE
MF,MK,07/05/2022,09:59,10:53,15m,1,NA,NA,NA,NA,DRUPELLA DAMAGE
MF,MK,07/05/2022,09:59,10:53,15m,1,NA,NA,NA,NA,DRUPELLA DAMAGE
MF,MK,07/05/2022,09:59,10:53,15m,1,NA,NA,NA,NA,DRUPELLA DAMAGE
MF,MK,07/05/2022,09:59,10:53,15m,1,NA,NA,NA,NA,DRUPELLA DAMAGE
MF,MK,07/05/2022,09:59,10:53,15m,1,NA,NA,NA,NA,DRUPELLA DAMAGE
MF,MK,07/05/2022,09:59,10:53,15m,1,NA,NA,NA,NA,DRUPELLA DAMAGE
MF,MK,07/05/2022,09:59,10:53,15m,2,NA,NA,NA,NA,FISHING LINES
MF,MK,07/05/2022,09:59,10:53,15m,2,NA,NA,NA,NA,FISHING LINES
MF,MK,07/05/2022,09:59,10:53,15m,2,NA,NA,NA,NA,DRUPELLA DAMAGE
MF,MK,07/05/2022,09:59,10:53,15m,2,NA,NA,NA,NA,DRUPELLA DAMAGE
MF,MK,07/05/2022,09:59,10:53,15m,2,NA,NA,NA,NA,DRUPELLA DAMAGE
MF,MK,07/05/2022,09:59,10:53,15m,2,NA,NA,NA,NA,DRUPELLA DAMAGE
MF,MK,07/05/2022,09:59,10:53,15m,2,NA,NA,NA,NA,DRUPELLA DAMAGE
MF,MK,07/05/2022,09:59,10:53,15m,2,NA,NA,NA,NA,DRUPELLA DAMAGE
MF,MK,07/05/2022,11:50,12:38,10m,1,NA,NA,NA,NA,FISHING LINES
MF,MK,07/05/2022,11:50,12:38,10m,1,NA,NA,NA,NA,DRUPELLA DAMAGE
MF,MK,07/05/2022,11:50,12:38,10m,1,NA,NA,NA,NA,DRUPELLA DAMAGE
MF,MK,07/05/2022,11:50,12:38,10m,1,NA,NA,NA,NA,DRUPELLA DAMAGE
MF,MK,07/05/2022,11:50,12:38,10m,1,NA,NA,NA,NA,DRUPELLA DAMAGE
MF,MK,07/05/2022,11:50,12:38,10m,1,NA,NA,NA,NA,DRUPELLA DAMAGE
MF,MK,07/05/2022,11:50,12:38,10m,1,NA,NA,NA,NA,DRUPELLA DAMAGE
MF,MK,07/05/2022,11:50,12:38,10m,1,NA,NA,NA,NA,DRUPELLA DAMAGE
MF,MK,07/05/2022,11:50,12:38,10m,1,NA,NA,NA,NA,DRUPELLA DAMAGE
MF,MK,07/05/2022,11:50,12:38,10m,1,NA,NA,NA,NA,DRUPELLA DAMAGE
MF,MK,07/05/2022,11:50,12:38,10m,1,NA,NA,NA,NA,DRUPELLA DAMAGE
MF,MK,07/05/2022,11:50,12:38,10m,1,NA,NA,NA,NA,DRUPELLA DAMAGE
MF,MK,07/05/2022,11:50,12:38,10m,1,NA,NA,NA,NA,DRUPELLA DAMAGE
MF,MK,07/05/2022,11:50,12:38,10m,2,NA,NA,NA,NA,FISHING LINES
MF,MK,07/05/2022,11:50,12:38,10m,2,NA,NA,NA,NA,DRUPELLA DAMAGE
MF,MK,07/05/2022,11:50,12:38,10m,2,NA,NA,NA,NA,DRUPELLA DAMAGE
MF,MK,07/05/2022,11:50,12:38,10m,2,NA,NA,NA,NA,DRUPELLA DAMAGE
MF,MK,07/05/2022,11:50,12:38,10m,2,NA,NA,NA,NA,DRUPELLA DAMAGE
MF,MK,07/05/2022,11:50,12:38,10m,2,NA,NA,NA,NA,DRUPELLA DAMAGE
MF,MK,07/05/2022,11:50,12:38,10m,2,NA,NA,NA,NA,DRUPELLA DAMAGE
MF,MK,07/05/2022,11:50,12:38,10m,2,NA,NA,NA,NA,DRUPELLA DAMAGE
MF,MK,07/05/2022,11:50,12:38,10m,2,NA,NA,NA,NA,DRUPELLA DAMAGE
MF,MK,07/05/2022,11:50,12:38,10m,2,NA,NA,NA,NA,DRUPELLA DAMAGE
MF,MK,07/05/2022,11:50,12:38,10m,2,NA,NA,NA,NA,DRUPELLA DAMAGE
MF,FK,15/05/2022,10:04,11:03,15m,1,NA,NA,NA,NA,FISHING LINES
MF,FK,15/05/2022,10:04,11:03,15m,1,NA,NA,NA,NA,FISHING LINES
MF,FK,15/05/2022,10:04,11:03,15m,1,NA,NA,NA,NA,DRUPELLA DAMAGE
MF,FK,15/05/2022,10:04,11:03,15m,1,NA,NA,NA,NA,DRUPELLA DAMAGE
MF,FK,15/05/2022,10:04,11:03,15m,1,NA,NA,NA,NA,DRUPELLA DAMAGE
MF,FK,15/05/2022,10:04,11:03,15m,1,NA,NA,NA,NA,DRUPELLA DAMAGE
MF,FK,15/05/2022,10:04,11:03,15m,1,NA,NA,NA,NA,DRUPELLA DAMAGE
MF,FK,15/05/2022,10:04,11:03,15m,1,NA,NA,NA,NA,DRUPELLA DAMAGE
MF,FK,15/05/2022,10:04,11:03,15m,1,NA,NA,NA,NA,DRUPELLA DAMAGE
MF,FK,15/05/2022,10:04,11:03,15m,2,NA,NA,NA,NA,FISHING LINES
MF,FK,15/05/2022,10:04,11:03,15m,2,NA,NA,NA,NA,FISHING LINES
MF,FK,15/05/2022,10:04,11:03,15m,2,NA,NA,NA,NA,DRUPELLA DAMAGE
MF,FK,15/05/2022,10:04,11:03,15m,2,NA,NA,NA,NA,DRUPELLA DAMAGE
MF,FK,15/05/2022,10:04,11:03,15m,2,NA,NA,NA,NA,DRUPELLA DAMAGE
MF,FK,15/05/2022,10:04,11:03,15m,2,NA,NA,NA,NA,DRUPELLA DAMAGE
MF,FK,15/05/2022,10:04,11:03,15m,2,NA,NA,NA,NA,DRUPELLA DAMAGE
MF,FK,15/05/2022,10:04,11:03,15m,2,NA,NA,NA,NA,DRUPELLA DAMAGE
MF,FK,15/05/2022,10:04,11:03,15m,2,NA,NA,NA,NA,DRUPELLA DAMAGE
MF,FK,15/05/2022,10:04,11:03,15m,2,NA,NA,NA,NA,DRUPELLA DAMAGE
MF,FK,15/05/2022,10:04,11:03,15m,2,NA,NA,NA,NA,DRUPELLA DAMAGE
MF,FK,15/05/2022,10:04,11:03,15m,2,NA,NA,NA,NA,DRUPELLA DAMAGE
MF,FK,15/05/2022,12:02,12:58,10m,1,NA,NA,NA,NA,DRUPELLA DAMAGE
MF,FK,15/05/2022,12:02,12:58,10m,1,NA,NA,NA,NA,DRUPELLA DAMAGE
MF,FK,15/05/2022,12:02,12:58,10m,1,NA,NA,NA,NA,DRUPELLA DAMAGE
MF,FK,15/05/2022,12:02,12:58,10m,1,NA,NA,NA,NA,DRUPELLA DAMAGE
MF,FK,15/05/2022,12:02,12:58,10m,1,NA,NA,NA,NA,DRUPELLA DAMAGE
MF,FK,15/05/2022,12:02,12:58,10m,1,NA,NA,NA,NA,DRUPELLA DAMAGE
MF,FK,15/05/2022,12:02,12:58,10m,2,NA,NA,NA,NA,DRUPELLA DAMAGE
MF,FK,15/05/2022,12:02,12:58,10m,2,NA,NA,NA,NA,DRUPELLA DAMAGE
MF,FK,15/05/2022,12:02,12:58,10m,2,NA,NA,NA,NA,DRUPELLA DAMAGE
MF,FK,15/05/2022,12:02,12:58,10m,2,NA,NA,NA,NA,DRUPELLA DAMAGE
MF,FK,15/05/2022,12:02,12:58,10m,2,NA,NA,NA,NA,DRUPELLA DAMAGE
KT,FK,15/05/2022,10:04,11:03,15m,1,NA,NA,NA,NA,COTS/CS DAMAGE
KT,FK,15/05/2022,10:04,11:03,15m,1,NA,NA,NA,NA,COTS/CS DAMAGE
KT,FK,15/05/2022,10:04,11:03,15m,1,NA,NA,NA,NA,FISHING LINES
KT,FK,15/05/2022,10:04,11:03,15m,1,NA,NA,NA,NA,DRUPELLA DAMAGE
KT,FK,15/05/2022,10:04,11:03,15m,1,NA,NA,NA,NA,DRUPELLA DAMAGE
KT,FK,15/05/2022,10:04,11:03,15m,1,NA,NA,NA,NA,DRUPELLA DAMAGE
KT,FK,15/05/2022,10:04,11:03,15m,1,NA,NA,NA,NA,DRUPELLA DAMAGE
KT,FK,15/05/2022,10:04,11:03,15m,1,NA,NA,NA,NA,DRUPELLA DAMAGE
KT,FK,15/05/2022,10:04,11:03,15m,1,NA,NA,NA,NA,DRUPELLA DAMAGE
KT,FK,15/05/2022,10:04,11:03,15m,1,NA,NA,NA,NA,DRUPELLA DAMAGE
KT,FK,15/05/2022,10:04,11:03,15m,2,NA,NA,NA,NA,COTS/CS DAMAGE
KT,FK,15/05/2022,10:04,11:03,15m,2,NA,NA,NA,NA,COTS/CS DAMAGE
KT,FK,15/05/2022,10:04,11:03,15m,2,NA,NA,NA,NA,COTS/CS DAMAGE
KT,FK,15/05/2022,10:04,11:03,15m,2,NA,NA,NA,NA,COTS/CS DAMAGE
KT,FK,15/05/2022,10:04,11:03,15m,2,NA,NA,NA,NA,COTS/CS DAMAGE
KT,FK,15/05/2022,10:04,11:03,15m,2,NA,NA,NA,NA,FISHING LINES
KT,FK,15/05/2022,10:04,11:03,15m,2,NA,NA,NA,NA,FISHING LINES
KT,FK,15/05/2022,10:04,11:03,15m,2,NA,NA,NA,NA,FISHING LINES
KT,FK,15/05/2022,10:04,11:03,15m,2,NA,NA,NA,NA,DRUPELLA DAMAGE
KT,FK,15/05/2022,10:04,11:03,15m,2,NA,NA,NA,NA,DRUPELLA DAMAGE
KT,FK,15/05/2022,10:04,11:03,15m,2,NA,NA,NA,NA,DRUPELLA DAMAGE
KT,FK,15/05/2022,10:04,11:03,15m,2,NA,NA,NA,NA,DRUPELLA DAMAGE
KT,FK,15/05/2022,10:04,11:03,15m,2,NA,NA,NA,NA,DRUPELLA DAMAGE
KT,FK,15/05/2022,12:02,12:58,10m,1,NA,NA,NA,NA,DRUPELLA DAMAGE
KT,FK,15/05/2022,12:02,12:58,10m,1,NA,NA,NA,NA,DRUPELLA DAMAGE
KT,FK,15/05/2022,12:02,12:58,10m,1,NA,NA,NA,NA,DRUPELLA DAMAGE
KT,FK,15/05/2022,12:02,12:58,10m,1,NA,NA,NA,NA,DRUPELLA DAMAGE
KT,FK,15/05/2022,12:02,12:58,10m,1,NA,NA,NA,NA,DRUPELLA DAMAGE
KT,FK,15/05/2022,12:02,12:58,10m,1,NA,NA,NA,NA,DRUPELLA DAMAGE
KT,FK,15/05/2022,12:02,12:58,10m,1,NA,NA,NA,NA,DRUPELLA DAMAGE
KT,FK,15/05/2022,12:02,12:58,10m,1,NA,NA,NA,NA,DRUPELLA DAMAGE
KT,FK,15/05/2022,12:02,12:58,10m,1,NA,NA,NA,NA,DRUPELLA DAMAGE
KT,FK,15/05/2022,12:02,12:58,10m,1,NA,NA,NA,NA,DRUPELLA DAMAGE
KT,FK,15/05/2022,12:02,12:58,10m,1,NA,NA,NA,NA,DRUPELLA DAMAGE
KT,FK,15/05/2022,12:02,12:58,10m,2,NA,NA,NA,NA,DRUPELLA DAMAGE
KT,FK,15/05/2022,12:02,12:58,10m,2,NA,NA,NA,NA,DRUPELLA DAMAGE
KT,FK,15/05/2022,12:02,12:58,10m,2,NA,NA,NA,NA,DRUPELLA DAMAGE
KT,FK,15/05/2022,12:02,12:58,10m,2,NA,NA,NA,NA,DRUPELLA DAMAGE
KT,FK,15/05/2022,12:02,12:58,10m,2,NA,NA,NA,NA,DRUPELLA DAMAGE
KT,FK,15/05/2022,12:02,12:58,10m,2,NA,NA,NA,NA,DRUPELLA DAMAGE
KT,FK,15/05/2022,12:02,12:58,10m,2,NA,NA,NA,NA,DRUPELLA DAMAGE
KT,FK,15/05/2022,12:02,12:58,10m,2,NA,NA,NA,NA,DRUPELLA DAMAGE
KT,FK,15/05/2022,12:02,12:58,10m,2,NA,NA,NA,NA,DRUPELLA DAMAGE
KT,FK,15/05/2022,12:02,12:58,10m,2,NA,NA,NA,NA,DRUPELLA DAMAGE
MF,MBI,21/05/2022,14:53,15:43,10m,1,NA,NA,NA,NA,COTS/CS DAMAGE
MF,MBI,21/05/2022,14:53,15:43,10m,1,NA,NA,NA,NA,DRUPELLA DAMAGE
MF,MBI,21/05/2022,14:53,15:43,10m,1,NA,NA,NA,NA,DRUPELLA DAMAGE
MF,MBI,21/05/2022,14:53,15:43,10m,1,NA,NA,NA,NA,DRUPELLA DAMAGE
MF,MBI,21/05/2022,14:53,15:43,10m,1,NA,NA,NA,NA,DRUPELLA DAMAGE
MF,MBI,21/05/2022,14:53,15:43,10m,1,NA,NA,NA,NA,DRUPELLA DAMAGE
MF,MBI,21/05/2022,14:53,15:43,10m,1,NA,NA,NA,NA,DRUPELLA DAMAGE
MF,MBI,21/05/2022,14:53,15:43,10m,1,NA,NA,NA,NA,CORAL BLEACHING
MF,MBI,21/05/2022,14:53,15:43,10m,2,NA,NA,NA,NA,COTS/CS DAMAGE
MF,MBI,21/05/2022,14:53,15:43,10m,2,NA,NA,NA,NA,DRUPELLA DAMAGE
MF,MBI,21/05/2022,14:53,15:43,10m,2,NA,NA,NA,NA,DRUPELLA DAMAGE
MF,MBI,21/05/2022,14:53,15:43,10m,2,NA,NA,NA,NA,DRUPELLA DAMAGE
MF,MBI,21/05/2022,14:53,15:43,10m,2,NA,NA,NA,NA,CORAL BLEACHING
MF,MBI,21/05/2022,16:36,17:35,5m,1,NA,NA,NA,NA,COTS/CS DAMAGE
MF,MBI,21/05/2022,16:36,17:35,5m,1,NA,NA,NA,NA,FISHING LINES
MF,MBI,21/05/2022,16:36,17:35,5m,1,NA,NA,NA,NA,DRUPELLA DAMAGE
MF,MBI,21/05/2022,16:36,17:35,5m,1,NA,NA,NA,NA,DRUPELLA DAMAGE
MF,MBI,21/05/2022,16:36,17:35,5m,1,NA,NA,NA,NA,DRUPELLA DAMAGE
MF,MBI,21/05/2022,16:36,17:35,5m,1,NA,NA,NA,NA,DRUPELLA DAMAGE
MF,MBI,21/05/2022,16:36,17:35,5m,1,NA,NA,NA,NA,DRUPELLA DAMAGE
MF,MBI,21/05/2022,16:36,17:35,5m,1,NA,NA,NA,NA,DRUPELLA DAMAGE
MF,MBI,21/05/2022,16:36,17:35,5m,1,NA,NA,NA,NA,DRUPELLA DAMAGE
MF,MBI,21/05/2022,16:36,17:35,5m,1,NA,NA,NA,NA,CORAL BLEACHING
MF,MBI,21/05/2022,16:36,17:35,5m,2,NA,NA,NA,NA,COTS/CS DAMAGE
MF,MBI,21/05/2022,16:36,17:35,5m,2,NA,NA,NA,NA,DRUPELLA DAMAGE
MF,MBI,21/05/2022,16:36,17:35,5m,2,NA,NA,NA,NA,DRUPELLA DAMAGE
MF,MBI,21/05/2022,16:36,17:35,5m,2,NA,NA,NA,NA,CORAL BLEACHING
KT,MBI,21/05/2022,14:53,15:43,10m,1,NA,NA,NA,NA,COTS/CS DAMAGE
KT,MBI,21/05/2022,14:53,15:43,10m,1,NA,NA,NA,NA,FISHING LINES
KT,MBI,21/05/2022,14:53,15:43,10m,1,NA,NA,NA,NA,DRUPELLA DAMAGE
KT,MBI,21/05/2022,14:53,15:43,10m,1,NA,NA,NA,NA,DRUPELLA DAMAGE
KT,MBI,21/05/2022,14:53,15:43,10m,1,NA,NA,NA,NA,DRUPELLA DAMAGE
KT,MBI,21/05/2022,14:53,15:43,10m,1,NA,NA,NA,NA,DRUPELLA DAMAGE
KT,MBI,21/05/2022,14:53,15:43,10m,1,NA,NA,NA,NA,DRUPELLA DAMAGE
KT,MBI,21/05/2022,14:53,15:43,10m,1,NA,NA,NA,NA,DRUPELLA DAMAGE
KT,MBI,21/05/2022,14:53,15:43,10m,1,NA,NA,NA,NA,DRUPELLA DAMAGE
KT,MBI,21/05/2022,14:53,15:43,10m,1,NA,NA,NA,NA,DRUPELLA DAMAGE
KT,MBI,21/05/2022,14:53,15:43,10m,1,NA,NA,NA,NA,CORAL BLEACHING
KT,MBI,21/05/2022,14:53,15:43,10m,2,NA,NA,NA,NA,COTS/CS DAMAGE
KT,MBI,21/05/2022,14:53,15:43,10m,2,NA,NA,NA,NA,COTS/CS DAMAGE
KT,MBI,21/05/2022,14:53,15:43,10m,2,NA,NA,NA,NA,DRUPELLA DAMAGE
KT,MBI,21/05/2022,14:53,15:43,10m,2,NA,NA,NA,NA,DRUPELLA DAMAGE
KT,MBI,21/05/2022,14:53,15:43,10m,2,NA,NA,NA,NA,DRUPELLA DAMAGE
KT,MBI,21/05/2022,14:53,15:43,10m,2,NA,NA,NA,NA,DRUPELLA DAMAGE
KT,MBI,21/05/2022,14:53,15:43,10m,2,NA,NA,NA,NA,DRUPELLA DAMAGE
KT,MBI,21/05/2022,14:53,15:43,10m,3,NA,NA,NA,NA,CORAL BLEACHING
KT,MBI,21/05/2022,16:36,17:35,5m,1,NA,NA,NA,NA,DRUPELLA DAMAGE
KT,MBI,21/05/2022,16:36,17:35,5m,1,NA,NA,NA,NA,DRUPELLA DAMAGE
KT,MBI,21/05/2022,16:36,17:35,5m,1,NA,NA,NA,NA,DRUPELLA DAMAGE
KT,MBI,21/05/2022,16:36,17:35,5m,1,NA,NA,NA,NA,DRUPELLA DAMAGE
KT,MBI,21/05/2022,16:36,17:35,5m,1,NA,NA,NA,NA,DRUPELLA DAMAGE
KT,MBI,21/05/2022,16:36,17:35,5m,1,NA,NA,NA,NA,DRUPELLA DAMAGE
KT,MBI,21/05/2022,16:36,17:35,5m,1,NA,NA,NA,NA,CORAL BLEACHING
KT,MBI,21/05/2022,16:36,17:35,5m,2,NA,NA,NA,NA,COTS/CS DAMAGE
KT,MBI,21/05/2022,16:36,17:35,5m,2,NA,NA,NA,NA,DRUPELLA DAMAGE
KT,MBI,21/05/2022,16:36,17:35,5m,2,NA,NA,NA,NA,CORAL BLEACHING
KT,FGO,26/05/2022,09:57,10:49,15m,1,NA,NA,NA,NA,COTS/CS DAMAGE
KT,FGO,26/05/2022,09:57,10:49,15m,1,NA,NA,NA,NA,COTS/CS DAMAGE
KT,FGO,26/05/2022,09:57,10:49,15m,1,NA,NA,NA,NA,COTS/CS DAMAGE
KT,FGO,26/05/2022,09:57,10:49,15m,1,NA,NA,NA,NA,COTS/CS DAMAGE
KT,FGO,26/05/2022,09:57,10:49,15m,1,NA,NA,NA,NA,DRUPELLA DAMAGE
KT,FGO,26/05/2022,09:57,10:49,15m,1,NA,NA,NA,NA,DRUPELLA DAMAGE
KT,FGO,26/05/2022,09:57,10:49,15m,1,NA,NA,NA,NA,DRUPELLA DAMAGE
KT,FGO,26/05/2022,09:57,10:49,15m,1,NA,NA,NA,NA,DRUPELLA DAMAGE
KT,FGO,26/05/2022,09:57,10:49,15m,1,NA,NA,NA,NA,FISHING LINES
KT,FGO,26/05/2022,09:57,10:49,15m,1,NA,NA,NA,NA,DRUPELLA DAMAGE
KT,FGO,26/05/2022,09:57,10:49,15m,2,NA,NA,NA,NA,FISHING LINES
KT,FGO,26/05/2022,09:57,10:49,15m,2,NA,NA,NA,NA,FISHING LINES
KT,FGO,26/05/2022,09:57,10:49,15m,2,NA,NA,NA,NA,FISHING LINES
KT,FGO,26/05/2022,09:57,10:49,15m,2,NA,NA,NA,NA,DRUPELLA DAMAGE
KT,FGO,26/05/2022,09:57,10:49,15m,2,NA,NA,NA,NA,DRUPELLA DAMAGE
KT,FGO,26/05/2022,12:46,13:37,10m,1,NA,NA,NA,NA,COTS/CS DAMAGE
KT,FGO,26/05/2022,12:46,13:37,10m,1,NA,NA,NA,NA,COTS/CS DAMAGE
KT,FGO,26/05/2022,12:46,13:37,10m,1,NA,NA,NA,NA,FISHING LINES
KT,FGO,26/05/2022,12:46,13:37,10m,1,NA,NA,NA,NA,FISHING LINES
KT,FGO,26/05/2022,12:46,13:37,10m,1,NA,NA,NA,NA,FISHING LINES
KT,FGO,26/05/2022,12:46,13:37,10m,1,NA,NA,NA,NA,DRUPELLA DAMAGE
KT,FGO,26/05/2022,12:46,13:37,10m,1,NA,NA,NA,NA,DRUPELLA DAMAGE
KT,FGO,26/05/2022,12:46,13:37,10m,1,NA,NA,NA,NA,DRUPELLA DAMAGE
KT,FGO,26/05/2022,12:46,13:37,10m,2,NA,NA,NA,NA,COTS/CS DAMAGE
KT,FGO,26/05/2022,12:46,13:37,10m,2,NA,NA,NA,NA,FISHING LINES
KT,FGO,26/05/2022,12:46,13:37,10m,2,NA,NA,NA,NA,FISHING LINES
KT,FGO,26/05/2022,12:46,13:37,10m,2,NA,NA,NA,NA,FISHING LINES
MF,FGO,26/05/2022,09:57,10:49,15m,1,NA,NA,NA,NA,COTS/CS DAMAGE
MF,FGO,26/05/2022,09:57,10:49,15m,1,NA,NA,NA,NA,FISHING LINES
MF,FGO,26/05/2022,09:57,10:49,15m,1,NA,NA,NA,NA,FISHING LINES
MF,FGO,26/05/2022,09:57,10:49,15m,1,NA,NA,NA,NA,FISHING LINES
MF,FGO,26/05/2022,09:57,10:49,15m,1,NA,NA,NA,NA,FISHING LINES
MF,FGO,26/05/2022,09:57,10:49,15m,1,NA,NA,NA,NA,FISHING LINES
MF,FGO,26/05/2022,09:57,10:49,15m,1,NA,NA,NA,NA,DRUPELLA DAMAGE
MF,FGO,26/05/2022,09:57,10:49,15m,1,NA,NA,NA,NA,DRUPELLA DAMAGE
MF,FGO,26/05/2022,09:57,10:49,15m,1,NA,NA,NA,NA,DRUPELLA DAMAGE
MF,FGO,26/05/2022,09:57,10:49,15m,1,NA,NA,NA,NA,DRUPELLA DAMAGE
MF,FGO,26/05/2022,09:57,10:49,15m,1,NA,NA,NA,NA,DRUPELLA DAMAGE
MF,FGO,26/05/2022,09:57,10:49,15m,1,NA,NA,NA,NA,DRUPELLA DAMAGE
MF,FGO,26/05/2022,09:57,10:49,15m,1,NA,NA,NA,NA,DRUPELLA DAMAGE
MF,FGO,26/05/2022,09:57,10:49,15m,1,NA,NA,NA,NA,DRUPELLA DAMAGE
MF,FGO,26/05/2022,09:57,10:49,15m,1,NA,NA,NA,NA,DRUPELLA DAMAGE
MF,FGO,26/05/2022,09:57,10:49,15m,2,NA,NA,NA,NA,FISHING LINES
MF,FGO,26/05/2022,09:57,10:49,15m,2,NA,NA,NA,NA,FISHING LINES
MF,FGO,26/05/2022,09:57,10:49,15m,2,NA,NA,NA,NA,FISHING LINES
MF,FGO,26/05/2022,09:57,10:49,15m,2,NA,NA,NA,NA,FISHING LINES
MF,FGO,26/05/2022,09:57,10:49,15m,2,NA,NA,NA,NA,FISHING LINES
MF,FGO,26/05/2022,09:57,10:49,15m,2,NA,NA,NA,NA,FISHING LINES
MF,FGO,26/05/2022,09:57,10:49,15m,2,NA,NA,NA,NA,FISHING LINES
MF,FGO,26/05/2022,12:46,13:37,10m,1,NA,NA,NA,NA,COTS/CS DAMAGE
MF,FGO,26/05/2022,12:46,13:37,10m,1,NA,NA,NA,NA,TRASH
MF,FGO,26/05/2022,12:46,13:37,10m,1,NA,NA,NA,NA,FISHING LINES
MF,FGO,26/05/2022,12:46,13:37,10m,1,NA,NA,NA,NA,FISHING LINES
MF,FGO,26/05/2022,12:46,13:37,10m,1,NA,NA,NA,NA,FISHING LINES
MF,FGO,26/05/2022,12:46,13:37,10m,1,NA,NA,NA,NA,FISHING LINES
MF,FGO,26/05/2022,12:46,13:37,10m,1,NA,NA,NA,NA,DRUPELLA DAMAGE
MF,FGO,26/05/2022,12:46,13:37,10m,1,NA,NA,NA,NA,DRUPELLA DAMAGE
MF,FGO,26/05/2022,12:46,13:37,10m,1,NA,NA,NA,NA,DRUPELLA DAMAGE
MF,FGO,26/05/2022,12:46,13:37,10m,1,NA,NA,NA,NA,DRUPELLA DAMAGE
MF,FGO,26/05/2022,12:46,13:37,10m,2,NA,NA,NA,NA,FISHING LINES
MF,FGO,26/05/2022,12:46,13:37,10m,2,NA,NA,NA,NA,DRUPELLA DAMAGE
MF,IM,29/05/2022,09:47,10:39,15m,1,NA,NA,NA,NA,DRUPELLA DAMAGE
MF,IM,29/05/2022,09:47,10:39,15m,1,NA,NA,NA,NA,DRUPELLA DAMAGE
MF,IM,29/05/2022,09:47,10:39,15m,1,NA,NA,NA,NA,DRUPELLA DAMAGE
MF,IM,29/05/2022,09:47,10:39,15m,1,NA,NA,NA,NA,DRUPELLA DAMAGE
MF,IM,29/05/2022,09:47,10:39,15m,1,NA,NA,NA,NA,DRUPELLA DAMAGE
MF,IM,29/05/2022,09:47,10:39,15m,1,NA,NA,NA,NA,DRUPELLA DAMAGE
MF,IM,29/05/2022,09:47,10:39,15m,2,NA,NA,NA,NA,COTS/CS DAMAGE
MF,IM,29/05/2022,09:47,10:39,15m,2,NA,NA,NA,NA,DRUPELLA DAMAGE
MF,IM,29/05/2022,09:47,10:39,15m,2,NA,NA,NA,NA,DRUPELLA DAMAGE
MF,IM,29/05/2022,09:47,10:39,15m,2,NA,NA,NA,NA,DRUPELLA DAMAGE
MF,IM,29/05/2022,09:47,10:39,15m,2,NA,NA,NA,NA,DRUPELLA DAMAGE
MF,IM,29/05/2022,11:59,12:47,10m,1,NA,NA,NA,NA,DRUPELLA DAMAGE
MF,IM,29/05/2022,11:59,12:47,10m,1,NA,NA,NA,NA,DRUPELLA DAMAGE
MF,IM,29/05/2022,11:59,12:47,10m,1,NA,NA,NA,NA,DRUPELLA DAMAGE
MF,IM,29/05/2022,11:59,12:47,10m,1,NA,NA,NA,NA,DRUPELLA DAMAGE
MF,IM,29/05/2022,11:59,12:47,10m,1,NA,NA,NA,NA,DRUPELLA DAMAGE
MF,IM,29/05/2022,11:59,12:47,10m,1,NA,NA,NA,NA,DRUPELLA DAMAGE
MF,IM,29/05/2022,11:59,12:47,10m,1,NA,NA,NA,NA,DRUPELLA DAMAGE
MF,IM,29/05/2022,11:59,12:47,10m,1,NA,NA,NA,NA,DRUPELLA DAMAGE
MF,IM,29/05/2022,11:59,12:47,10m,2,NA,NA,NA,NA,COTS/CS DAMAGE
MF,IM,29/05/2022,11:59,12:47,10m,2,NA,NA,NA,NA,DRUPELLA DAMAGE
MF,IM,29/05/2022,11:59,12:47,10m,2,NA,NA,NA,NA,DRUPELLA DAMAGE
MF,IM,29/05/2022,11:59,12:47,10m,2,NA,NA,NA,NA,DRUPELLA DAMAGE
MF,IM,29/05/2022,11:59,12:47,10m,2,NA,NA,NA,NA,DRUPELLA DAMAGE
MF,IM,29/05/2022,11:59,12:47,10m,2,NA,NA,NA,NA,DRUPELLA DAMAGE
MF,IM,29/05/2022,11:59,12:47,10m,2,NA,NA,NA,NA,DRUPELLA DAMAGE
MF,IM,29/05/2022,11:59,12:47,10m,2,NA,NA,NA,NA,DRUPELLA DAMAGE
MF,IM,29/05/2022,11:59,12:47,10m,2,NA,NA,NA,NA,DRUPELLA DAMAGE
MF,IM,29/05/2022,11:59,12:47,10m,2,NA,NA,NA,NA,DRUPELLA DAMAGE
MF,IM,29/05/2022,11:59,12:47,10m,2,NA,NA,NA,NA,DRUPELLA DAMAGE
MF,IM,29/05/2022,11:59,12:47,10m,2,NA,NA,NA,NA,DRUPELLA DAMAGE
KT,IM,29/05/2022,09:47,10:39,15m,1,NA,NA,NA,NA,DRUPELLA DAMAGE
KT,IM,29/05/2022,09:47,10:39,15m,1,NA,NA,NA,NA,DRUPELLA DAMAGE
KT,IM,29/05/2022,09:47,10:39,15m,1,NA,NA,NA,NA,DRUPELLA DAMAGE
KT,IM,29/05/2022,09:47,10:39,15m,1,NA,NA,NA,NA,DRUPELLA DAMAGE
KT,IM,29/05/2022,09:47,10:39,15m,1,NA,NA,NA,NA,DRUPELLA DAMAGE
KT,IM,29/05/2022,09:47,10:39,15m,1,NA,NA,NA,NA,DRUPELLA DAMAGE
KT,IM,29/05/2022,09:47,10:39,15m,1,NA,NA,NA,NA,DRUPELLA DAMAGE
KT,IM,29/05/2022,09:47,10:39,15m,1,NA,NA,NA,NA,DRUPELLA DAMAGE
KT,IM,29/05/2022,09:47,10:39,15m,2,NA,NA,NA,NA,DRUPELLA DAMAGE
KT,IM,29/05/2022,09:47,10:39,15m,2,NA,NA,NA,NA,DRUPELLA DAMAGE
KT,IM,29/05/2022,09:47,10:39,15m,2,NA,NA,NA,NA,DRUPELLA DAMAGE
KT,IM,29/05/2022,09:47,10:39,15m,2,NA,NA,NA,NA,DRUPELLA DAMAGE
KT,IM,29/05/2022,09:47,10:39,15m,2,NA,NA,NA,NA,DRUPELLA DAMAGE
KT,IM,29/05/2022,09:47,10:39,15m,2,NA,NA,NA,NA,DRUPELLA DAMAGE
KT,IM,29/05/2022,09:47,10:39,15m,2,NA,NA,NA,NA,DRUPELLA DAMAGE
KT,IM,29/05/2022,09:47,10:39,15m,2,NA,NA,NA,NA,COTS/CS DAMAGE
KT,IM,29/05/2022,09:47,10:39,15m,2,NA,NA,NA,NA,COTS/CS DAMAGE
KT,IM,29/05/2022,11:59,12:47,10m,1,NA,NA,NA,NA,DRUPELLA DAMAGE
KT,IM,29/05/2022,11:59,12:47,10m,1,NA,NA,NA,NA,DRUPELLA DAMAGE
KT,IM,29/05/2022,11:59,12:47,10m,2,NA,NA,NA,NA,DRUPELLA DAMAGE
KT,IM,29/05/2022,11:59,12:47,10m,2,NA,NA,NA,NA,DRUPELLA DAMAGE
KT,IM,29/05/2022,11:59,12:47,10m,2,NA,NA,NA,NA,DRUPELLA DAMAGE
KT,IM,29/05/2022,11:59,12:47,10m,2,NA,NA,NA,NA,DRUPELLA DAMAGE
KT,IM,29/05/2022,11:59,12:47,10m,2,NA,NA,NA,NA,DRUPELLA DAMAGE
KT,IM,29/05/2022,11:59,12:47,10m,2,NA,NA,NA,NA,DRUPELLA DAMAGE
KT,VK,02/06/2022,10:00,11:00,15m,1,NA,NA,NA,NA,DRUPELLA DAMAGE
KT,VK,02/06/2022,10:00,11:00,15m,1,NA,NA,NA,NA,DRUPELLA DAMAGE
KT,VK,02/06/2022,10:00,11:00,15m,2,NA,NA,NA,NA,DRUPELLA DAMAGE
KT,VK,02/06/2022,10:00,11:00,15m,2,NA,NA,NA,NA,DRUPELLA DAMAGE
KT,VK,02/06/2022,10:00,11:00,15m,2,NA,NA,NA,NA,DRUPELLA DAMAGE
KT,VK,02/06/2022,10:00,11:00,15m,2,NA,NA,NA,NA,DRUPELLA DAMAGE
KT,VK,02/06/2022,12:30,13:30,10m,1,NA,NA,NA,NA,DRUPELLA DAMAGE
KT,VK,02/06/2022,12:30,13:30,10m,1,NA,NA,NA,NA,DRUPELLA DAMAGE
KT,VK,02/06/2022,12:30,13:30,10m,2,NA,NA,NA,NA,DRUPELLA DAMAGE
MF,VK,02/06/2022,10:00,11:00,15m,1,NA,NA,NA,NA,FISHING LINES
MF,VK,02/06/2022,10:00,11:00,15m,1,NA,NA,NA,NA,DRUPELLA DAMAGE
MF,VK,02/06/2022,10:00,11:00,15m,1,NA,NA,NA,NA,DRUPELLA DAMAGE
MF,VK,02/06/2022,10:00,11:00,15m,2,NA,NA,NA,NA,DRUPELLA DAMAGE
MF,VK,02/06/2022,10:00,11:00,15m,2,NA,NA,NA,NA,DRUPELLA DAMAGE
MF,VK,02/06/2022,10:00,11:00,15m,2,NA,NA,NA,NA,DRUPELLA DAMAGE
MF,VK,02/06/2022,12:30,13:30,10m,1,NA,NA,NA,NA,DRUPELLA DAMAGE
MF,VK,02/06/2022,12:30,13:30,10m,1,NA,NA,NA,NA,DRUPELLA DAMAGE
MF,VK,02/06/2022,12:30,13:30,10m,1,NA,NA,NA,NA,DRUPELLA DAMAGE
MF,VK,02/06/2022,12:30,13:30,10m,1,NA,NA,NA,NA,DRUPELLA DAMAGE
MF,VK,02/06/2022,12:30,13:30,10m,1,NA,NA,NA,NA,DRUPELLA DAMAGE
MF,VK,02/06/2022,12:30,13:30,10m,2,NA,NA,NA,NA,DRUPELLA DAMAGE
MF,VK,02/06/2022,12:30,13:30,10m,2,NA,NA,NA,NA,DRUPELLA DAMAGE
IY,MC,06/06/2022,08:30,08:47,15m,1,NA,NA,NA,NA,FISHING LINES
IY,MC,06/06/2022,08:30,08:47,15m,1,NA,NA,NA,NA,FISHING LINES
IY,MC,06/06/2022,08:30,08:47,15m,1,NA,NA,NA,NA,FISHING LINES
IY,MC,06/06/2022,08:30,08:47,15m,1,NA,NA,NA,NA,TRASH
IY,MC,06/06/2022,08:47,08:57,15m,2,NA,NA,NA,NA,FISHING LINES
IY,MC,06/06/2022,08:47,08:57,15m,2,NA,NA,NA,NA,FISHING LINES
IY,MC,06/06/2022,10:08,10:20,10m,1,NA,NA,NA,NA,FISHING LINES
IY,MC,06/06/2022,10:08,10:20,10m,1,NA,NA,NA,NA,FISHING LINES
IY,MC,06/06/2022,10:20,10:30,10m,2,NA,NA,NA,NA,FISHING LINES
AA,MC,06/06/2022,08:30,08:45,15m,1,NA,NA,NA,NA,FISHING LINES
AA,MC,06/06/2022,08:30,08:45,15m,1,NA,NA,NA,NA,FISHING LINES
AA,MC,06/06/2022,08:30,08:45,15m,1,NA,NA,NA,NA,FISHING LINES
AA,MC,06/06/2022,08:30,08:45,15m,1,NA,NA,NA,NA,FISHING LINES
AA,MC,06/06/2022,08:30,08:45,15m,1,NA,NA,NA,NA,FISHING LINES
AA,MC,06/06/2022,08:30,08:45,15m,1,NA,NA,NA,NA,TRASH
AA,MC,06/06/2022,08:45,08:59,15m,2,NA,NA,NA,NA,FISHING LINES
AA,MC,06/06/2022,08:45,08:59,15m,2,NA,NA,NA,NA,FISHING LINES
AA,MC,06/06/2022,08:45,08:59,15m,2,NA,NA,NA,NA,FISHING LINES
AA,MC,06/06/2022,08:45,08:59,15m,2,NA,NA,NA,NA,FISHING LINES
AA,MC,06/06/2022,08:45,08:59,15m,2,NA,NA,NA,NA,FISHING LINES
AA,MC,06/06/2022,10:12,10:25,10m,1,NA,NA,NA,NA,FISHING LINES
AA,MO,09/06/2022,10:38,10:44,10m,1,NA,NA,NA,NA,NO IMPACTS
AA,KO,05/06/2022,08:45,08:58,15m,2,NA,NA,NA,NA,FISHING LINES
AA,KO,05/06/2022,08:45,08:58,15m,2,NA,NA,NA,NA,CORAL BLEACHING
EC,KO,05/06/2022,10:18,10:33,10m,2,NA,NA,NA,NA,FISHING LINES
AA,FO,11/06/2022,10:16,10:29,10m,1,NA,NA,NA,NA,BLUE RINGS ON CORALS
AA,FO,11/06/2022,10:32,10:40,10m,2,NA,NA,NA,NA,WHITE BAND DISEASE
AA,FO,11/06/2022,10:32,10:40,10m,2,NA,NA,NA,NA,WHITE BAND DISEASE
AA,FO,11/06/2022,10:32,10:40,10m,2,NA,NA,NA,NA,WHITE BAND DISEASE
AA,FO,11/06/2022,10:32,10:40,10m,2,NA,NA,NA,NA,CORAL BLEACHING
AA,FO,11/06/2022,10:32,10:40,10m,2,NA,NA,NA,NA,CORAL BLEACHING
AA,FO,11/06/2022,10:32,10:40,10m,2,NA,NA,NA,NA,CORAL BLEACHING
AA,FO,11/06/2022,10:32,10:40,10m,2,NA,NA,NA,NA,CORAL BLEACHING
